Uruguay,Argentina,1879,2021,1902
Argentina,Uruguay,2005,1895,1903
Belgium,France,1793,1607,1904
France,Switzerland,1604,1495,1905
Belgium,France,1776,1604,1905
Argentina,Uruguay,1997,1903,1905
France,Belgium,1577,1829,1906
Uruguay,Argentina,1873,2010,1906
Argentina,Uruguay,2010,1873,1906
Belgium,France,1809,1594,1907
Switzerland,France,1505,1562,1908
Switzerland,Germany,1505,1669,1908
France,Belgium,1562,1780,1908
Uruguay,Argentina,1877,2006,1908
Argentina,Uruguay,2006,1877,1908
Argentina,Uruguay,2006,1877,1908
Belgium,Sweden,1780,1656,1908
Germany,Switzerland,1678,1499,1909
Belgium,France,1759,1553,1909
Argentina,Uruguay,2019,1864,1909
Uruguay,Argentina,1864,2019,1909
Argentina,Uruguay,2019,1864,1909
France,Belgium,1533,1796,1910
Switzerland,Germany,1490,1658,1910
Germany,Belgium,1658,1796,1910
Argentina,Uruguay,1956,1935,1910
Uruguay,Argentina,1935,1956,1910
Argentina,Uruguay,1956,1935,1910
Argentina,Uruguay,1956,1935,1910
Germany,Switzerland,1647,1542,1911
Belgium,Germany,1779,1647,1911
Switzerland,France,1542,1520,1911
Belgium,France,1779,1520,1911
Sweden,Germany,1691,1647,1911
Argentina,Uruguay,1952,1939,1911
Uruguay,Argentina,1939,1952,1911
Uruguay,Argentina,1939,1952,1911
Argentina,Uruguay,1952,1939,1911
Germany,Sweden,1647,1691,1911
Uruguay,Argentina,1939,1952,1911
France,Belgium,1553,1762,1912
France,Switzerland,1553,1515,1912
Belgium,Switzerland,1762,1515,1912
Switzerland,Germany,1515,1687,1912
Uruguay,Argentina,1952,1939,1912
Uruguay,Argentina,1952,1939,1912
Argentina,Uruguay,1939,1952,1912
Argentina,Uruguay,1939,1952,1912
Denmark,Germany,2033,1687,1912
Uruguay,Argentina,1952,1939,1912
Belgium,France,1800,1580,1913
Switzerland,France,1504,1580,1913
Russia,Sweden,1449,1645,1913
Switzerland,Belgium,1504,1800,1913
Germany,Switzerland,1653,1504,1913
Denmark,Sweden,2051,1645,1913
Argentina,Uruguay,1957,1936,1913
Argentina,Uruguay,1957,1936,1913
Argentina,Uruguay,1957,1936,1913
Argentina,Uruguay,1957,1936,1913
Sweden,Denmark,1645,2051,1913
Uruguay,Argentina,1936,1957,1913
Germany,Denmark,1653,2051,1913
Uruguay,Argentina,1936,1957,1913
Belgium,Switzerland,1800,1504,1913
Belgium,Germany,1800,1653,1913
France,Belgium,1562,1760,1914
France,Switzerland,1562,1505,1914
Sweden,Russia,1648,1457,1914
Uruguay,Argentina,1933,1948,1914
Argentina,Uruguay,1948,1933,1914
Argentina,Brazil,1948,1912,1914
Argentina,Brazil,1948,1912,1914
Denmark,Sweden,2075,1642,1915
Uruguay,Argentina,1928,1953,1915
Argentina,Uruguay,1953,1928,1915
Uruguay,Argentina,1928,1953,1915
Sweden,Denmark,1642,2075,1915
Denmark,Sweden,2045,1663,1916
Argentina,Brazil,1981,1892,1916
Brazil,Uruguay,1892,1904,1916
Argentina,Uruguay,1981,1904,1916
Uruguay,Brazil,1904,1892,1916
Argentina,Uruguay,1981,1904,1916
Uruguay,Argentina,1904,1981,1916
Argentina,Uruguay,1981,1904,1916
Uruguay,Argentina,1904,1981,1916
Sweden,Denmark,1663,2045,1916
Uruguay,Argentina,1904,1981,1916
Denmark,Sweden,2042,1668,1917
Uruguay,Argentina,1956,1987,1917
Argentina,Uruguay,1987,1956,1917
Uruguay,Argentina,1956,1987,1917
Argentina,Brazil,1987,1836,1917
Uruguay,Brazil,1956,1836,1917
Sweden,Denmark,1668,2042,1917
Uruguay,Argentina,1956,1987,1917
Uruguay,Brazil,1956,1836,1917
Denmark,Sweden,2020,1650,1918
Uruguay,Argentina,1945,1998,1918
Uruguay,Argentina,1945,1998,1918
Argentina,Uruguay,1998,1945,1918
Argentina,Uruguay,1998,1945,1918
Uruguay,Argentina,1945,1998,1918
Argentina,Uruguay,1998,1945,1918
Sweden,Denmark,1650,2020,1918
Belgium,France,1762,1569,1919
Argentina,Uruguay,1940,1988,1919
Brazil,Argentina,1906,1940,1919
Brazil,Uruguay,1906,1988,1919
Brazil,Uruguay,1906,1988,1919
Brazil,Argentina,1906,1940,1919
Denmark,Sweden,1975,1662,1919
Uruguay,Argentina,1988,1940,1919
Uruguay,Argentina,1988,1940,1919
Argentina,Uruguay,1940,1988,1919
Sweden,Denmark,1662,1975,1919
Argentina,Uruguay,1940,1988,1919
Uruguay,Argentina,1988,1940,1919
Switzerland,France,1561,1619,1920
France,Belgium,1619,1924,1920
Sweden,Switzerland,1649,1561,1920
Switzerland,Germany,1561,1655,1920
Uruguay,Argentina,2044,1945,1920
Argentina,Uruguay,1945,2044,1920
Argentina,Uruguay,1945,2044,1920
Uruguay,Argentina,2044,1945,1920
Brazil,Uruguay,1830,2044,1920
Argentina,Brazil,1945,1830,1920
Sweden,Denmark,1649,1936,1920
Belgium,France,1879,1592,1921
Belgium,England,1879,1927,1921
Argentina,Brazil,1971,1847,1921
Sweden,Denmark,1590,1927,1921
Brazil,Uruguay,1847,1999,1921
Argentina,Uruguay,1971,1999,1921
Spain,Portugal,2022,1698,1921
France,Belgium,1585,1868,1922
Germany,Switzerland,1679,1602,1922
Belgium,Denmark,1868,1868,1922
France,Spain,1585,2031,1922
Sweden,Poland,1641,1625,1922
Brazil,Uruguay,1905,2006,1922
Denmark,Sweden,1868,1641,1922
Argentina,Uruguay,1899,2006,1922
Brazil,Argentina,1905,1899,1922
Brazil,Argentina,1905,1899,1922
Uruguay,Argentina,2006,1899,1922
Uruguay,Argentina,2006,1899,1922
Argentina,Uruguay,1899,2006,1922
Portugal,Spain,1694,2031,1922
Spain,France,2023,1548,1923
Belgium,Spain,1870,2023,1923
Belgium,France,1870,1548,1923
England,Belgium,1914,1870,1923
France,Switzerland,1548,1600,1923
France,England,1548,1914,1923
Sweden,England,1665,1914,1923
Sweden,England,1665,1914,1923
Switzerland,Germany,1600,1664,1923
Denmark,Switzerland,1873,1600,1923
Argentina,Uruguay,1911,2008,1923
Sweden,Germany,1665,1664,1923
Argentina,Uruguay,1911,2008,1923
Uruguay,Argentina,2008,1911,1923
Uruguay,Argentina,2008,1911,1923
Sweden,Denmark,1665,1873,1923
Belgium,England,1870,1914,1923
Poland,Sweden,1606,1665,1923
Argentina,Brazil,1911,1876,1923
Uruguay,Brazil,2008,1876,1923
Argentina,Brazil,1911,1876,1923
Uruguay,Argentina,2008,1911,1923
Argentina,Brazil,1911,1876,1923
Spain,Portugal,2023,1691,1923
France,Belgium,1554,1741,1924
Switzerland,France,1774,1554,1924
Switzerland,Denmark,1774,1850,1924
France,England,1554,1905,1924
Sweden,Poland,1896,1580,1924
Argentina,Uruguay,1960,2038,1924
Uruguay,Argentina,2038,1960,1924
Denmark,Sweden,1850,1896,1924
Sweden,Egypt,1896,1690,1924
Germany,Sweden,1674,1896,1924
Uruguay,Argentina,2038,1960,1924
Argentina,Uruguay,1960,2038,1924
Denmark,Belgium,1850,1741,1924
Uruguay,Argentina,2038,1960,1924
Belgium,France,1741,1554,1924
England,Belgium,1905,1741,1924
Germany,Switzerland,1674,1774,1924
France,England,1533,1898,1925
Switzerland,Belgium,1745,1735,1925
Switzerland,Spain,1745,2008,1925
Sweden,Denmark,1885,1864,1925
Sweden,Germany,1885,1709,1925
Switzerland,Germany,1745,1709,1925
Poland,Sweden,1571,1885,1925
Argentina,Brazil,1995,1930,1925
Argentina,Brazil,1995,1930,1925
France,Belgium,1589,1714,1926
France,Portugal,1589,1676,1926
France,Switzerland,1589,1720,1926
Belgium,England,1714,1831,1926
Belgium,France,1714,1589,1926
Germany,Sweden,1726,1822,1926
Denmark,Sweden,1866,1822,1926
Sweden,Poland,1822,1601,1926
Argentina,Uruguay,1961,2037,1926
Germany,Switzerland,1726,1720,1926
Portugal,France,1678,1561,1927
Belgium,Sweden,1681,1827,1927
Spain,Switzerland,1998,1685,1927
Belgium,England,1681,1826,1927
France,Spain,1561,1998,1927
France,England,1561,1826,1927
Sweden,Denmark,1827,1877,1927
Uruguay,Argentina,2017,2012,1927
Argentina,Uruguay,2012,2017,1927
Sweden,Belgium,1827,1681,1927
Denmark,Germany,1877,1725,1927
Peru,Uruguay,1578,2017,1927
Switzerland,Sweden,1685,1827,1927
Argentina,Uruguay,2012,2017,1927
Peru,Argentina,1578,2012,1927
Portugal,Spain,1716,1899,1928
Switzerland,France,1607,1538,1928
Portugal,Argentina,1716,2052,1928
France,Belgium,1538,1641,1928
Switzerland,Germany,1607,1776,1928
France,Portugal,1538,1716,1928
France,England,1538,1849,1928
Belgium,England,1641,1849,1928
Poland,Sweden,1615,1814,1928
Argentina,Uruguay,2052,2056,1928
Germany,Denmark,1776,1872,1928
Uruguay,Argentina,2056,2052,1928
Sweden,Germany,1814,1776,1928
Denmark,Sweden,1872,1814,1928
Germany,Switzerland,1818,1550,1929
Spain,Portugal,1916,1687,1929
France,Portugal,1541,1687,1929
Spain,France,1916,1541,1929
France,England,1541,1930,1929
Belgium,England,1637,1930,1929
Spain,England,1916,1930,1929
Belgium,France,1637,1541,1929
Argentina,Uruguay,2085,1964,1929
Sweden,Denmark,1807,1816,1929
Uruguay,Argentina,1964,2085,1929
Germany,Sweden,1818,1807,1929
Uruguay,Argentina,1964,2085,1929
Argentina,Uruguay,2085,1964,1929
Argentina,Peru,2085,1542,1929
Peru,Uruguay,1542,1964,1929
Argentina,Uruguay,2085,1964,1929
Portugal,France,1691,1555,1930
France,Switzerland,1555,1551,1930
France,Belgium,1555,1581,1930
Switzerland,Germany,1551,1811,1930
Germany,England,1811,1996,1930
Argentina,Uruguay,2063,2037,1930
Belgium,France,1581,1555,1930
Belgium,Portugal,1581,1691,1930
Sweden,Switzerland,1760,1551,1930
Denmark,Sweden,1838,1760,1930
France,Mexico,1555,1495,1930
Argentina,France,2063,1555,1930
Uruguay,Peru,2037,1498,1930
Argentina,Mexico,2063,1495,1930
Uruguay,Argentina,2037,2063,1930
Brazil,France,1891,1555,1930
Denmark,Germany,1838,1811,1930
Belgium,Sweden,1581,1760,1930
Sweden,Poland,1760,1649,1930
Portugal,Spain,1691,1931,1930
France,Belgium,1555,1581,1930
France,Germany,1582,1784,1931
France,England,1582,1990,1931
Belgium,England,1591,1990,1931
Portugal,Belgium,1688,1591,1931
Sweden,Germany,1761,1784,1931
Sweden,Denmark,1761,1760,1931
Brazil,Uruguay,1916,2012,1931
Germany,Denmark,1784,1760,1931
Belgium,Poland,1591,1636,1931
Belgium,Switzerland,1591,1529,1931
England,Spain,1990,1921,1931
Germany,Switzerland,1769,1633,1932
Switzerland,France,1633,1559,1932
Belgium,France,1586,1559,1932
Argentina,Uruguay,2052,1989,1932
Uruguay,Argentina,1989,2052,1932
Denmark,Belgium,1745,1586,1932
Sweden,Belgium,1691,1586,1932
Denmark,Sweden,1745,1691,1932
Poland,Sweden,1691,1691,1932
Germany,Sweden,1769,1691,1932
Switzerland,Sweden,1633,1691,1932
Uruguay,Brazil,1989,1939,1932
Uruguay,Argentina,1976,2065,1933
Argentina,Uruguay,2065,1976,1933
Switzerland,Belgium,1604,1581,1933
Germany,France,1779,1586,1933
France,Belgium,1586,1581,1933
Spain,Portugal,1908,1698,1933
France,Spain,1586,1908,1933
Switzerland,England,1604,1987,1933
Poland,Belgium,1657,1581,1933
Sweden,Denmark,1723,1758,1933
Germany,Belgium,1779,1581,1933
Switzerland,Germany,1604,1779,1933
Belgium,Denmark,1581,1758,1933
Germany,Poland,1779,1657,1933
England,France,1987,1586,1933
Uruguay,Argentina,1976,2065,1933
Belgium,France,1518,1616,1934
France,Switzerland,1616,1620,1934
Spain,Portugal,1968,1672,1934
Portugal,Spain,1672,1968,1934
Denmark,Poland,1685,1621,1934
Sweden,Poland,1756,1621,1934
Argentina,Sweden,2021,1756,1934
Belgium,Germany,1518,1877,1934
Brazil,Spain,1863,1968,1934
Germany,Sweden,1877,1756,1934
Denmark,Sweden,1685,1756,1934
Uruguay,Argentina,1968,2021,1934
Argentina,Uruguay,2021,1968,1934
Poland,Germany,1621,1877,1934
Denmark,Germany,1685,1877,1934
Peru,Uruguay,1514,2011,1935
Peru,Argentina,1514,2005,1935
Spain,France,1976,1639,1935
Argentina,Uruguay,2005,2011,1935
Germany,Switzerland,1886,1681,1935
France,Germany,1639,1886,1935
Belgium,France,1523,1639,1935
Belgium,Germany,1523,1886,1935
Portugal,Spain,1677,1976,1935
Germany,Spain,1886,1976,1935
Belgium,Switzerland,1523,1681,1935
Sweden,Denmark,1764,1681,1935
Sweden,Germany,1764,1886,1935
Uruguay,Argentina,2011,2005,1935
Argentina,Uruguay,2005,2011,1935
Germany,Poland,1886,1593,1935
Switzerland,France,1681,1639,1935
France,Sweden,1639,1764,1935
Belgium,Sweden,1523,1764,1935
England,Germany,2010,1886,1935
Belgium,Poland,1521,1577,1936
Spain,Germany,1946,1815,1936
Portugal,Germany,1661,1815,1936
France,Belgium,1624,1521,1936
Switzerland,Spain,1635,1946,1936
Belgium,England,1521,1936,1936
Switzerland,Belgium,1635,1521,1936
Denmark,Sweden,1722,1709,1936
Sweden,Switzerland,1709,1635,1936
Argentina,Uruguay,2008,2011,1936
Poland,Germany,1577,1815,1936
Uruguay,Argentina,2011,2008,1936
Denmark,Poland,1722,1577,1936
Brazil,Peru,1870,1553,1936
Peru,Uruguay,1590,1863,1937
Argentina,Peru,2054,1590,1937
Brazil,Uruguay,1908,1863,1937
Argentina,Uruguay,2054,1863,1937
Argentina,Brazil,2054,1908,1937
Argentina,Brazil,2054,1908,1937
Belgium,France,1533,1613,1937
Germany,France,1869,1613,1937
Belgium,Switzerland,1533,1597,1937
Germany,Belgium,1869,1533,1937
Switzerland,Germany,1597,1869,1937
Germany,Denmark,1869,1734,1937
Sweden,England,1652,1979,1937
Poland,Sweden,1628,1652,1937
Poland,Denmark,1628,1734,1937
Sweden,Denmark,1652,1734,1937
France,Switzerland,1613,1597,1937
Uruguay,Argentina,1863,2054,1937
Argentina,Uruguay,2054,1863,1937
Germany,Sweden,1869,1652,1937
Spain,Portugal,1946,1661,1937
France,Belgium,1635,1536,1938
Portugal,Spain,1668,1946,1938
Germany,Switzerland,1777,1706,1938
Switzerland,Poland,1706,1596,1938
Germany,Portugal,1777,1668,1938
Switzerland,Portugal,1706,1668,1938
Switzerland,Belgium,1706,1536,1938
Germany,England,1777,1943,1938
Switzerland,England,1706,1943,1938
France,England,1635,1943,1938
Germany,Switzerland,1777,1706,1938
Brazil,Poland,1935,1596,1938
France,Belgium,1635,1536,1938
Germany,Switzerland,1777,1706,1938
Argentina,Uruguay,2070,1847,1938
Brazil,Sweden,1935,1656,1938
Denmark,Sweden,1691,1656,1938
Colombia,Peru,1344,1640,1938
Germany,Poland,1777,1596,1938
Uruguay,Argentina,1847,2070,1938
Switzerland,Portugal,1706,1668,1938
Brazil,Argentina,1929,2071,1939
Brazil,Argentina,1929,2071,1939
France,Poland,1679,1604,1939
Belgium,Germany,1517,1834,1939
Peru,Uruguay,1744,1855,1939
Portugal,Switzerland,1650,1779,1939
Belgium,Switzerland,1517,1779,1939
Belgium,France,1517,1679,1939
Poland,Belgium,1604,1517,1939
Poland,Switzerland,1604,1779,1939
Denmark,Germany,1707,1834,1939
Sweden,Denmark,1701,1707,1939
France,Portugal,1685,1644,1940
Brazil,Argentina,1889,2072,1940
Brazil,Argentina,1889,2072,1940
Argentina,Brazil,2072,1889,1940
Argentina,Brazil,2072,1889,1940
Argentina,Brazil,2072,1889,1940
Brazil,Uruguay,1889,1905,1940
Brazil,Uruguay,1889,1905,1940
Croatia,Switzerland,1905,1761,1940
Switzerland,Croatia,1761,1905,1940
Uruguay,Argentina,1905,2072,1940
Argentina,Uruguay,2072,1905,1940
Sweden,Denmark,1708,1702,1940
Denmark,Sweden,1702,1708,1940
Germany,Denmark,1820,1702,1940
Portugal,Spain,1645,1948,1941
Peru,Argentina,1702,2103,1941
Peru,Argentina,1702,2103,1941
Peru,Argentina,1702,2103,1941
Argentina,Peru,2103,1702,1941
Argentina,Uruguay,2103,1932,1941
Peru,Uruguay,1702,1932,1941
Germany,Switzerland,1850,1749,1941
Spain,Portugal,1948,1645,1941
Switzerland,Germany,1749,1850,1941
Costa Rica,Panama,1833,1274,1941
Germany,Croatia,1850,1893,1941
Sweden,Denmark,1715,1719,1941
Sweden,Germany,1715,1850,1941
Denmark,Sweden,1719,1715,1941
Germany,Denmark,1850,1719,1941
Spain,Switzerland,1948,1749,1941
Portugal,Switzerland,1663,1753,1942
Argentina,Brazil,2090,1879,1942
Brazil,Peru,1879,1672,1942
Uruguay,Brazil,1988,1879,1942
Argentina,Peru,2090,1672,1942
Germany,Switzerland,1908,1753,1942
Uruguay,Peru,1988,1672,1942
Uruguay,Argentina,1988,2090,1942
France,Switzerland,1664,1753,1942
Spain,France,1944,1664,1942
Germany,Spain,1908,1944,1942
Argentina,Uruguay,2090,1988,1942
Denmark,Sweden,1690,1748,1942
Uruguay,Argentina,1988,2090,1942
Germany,Sweden,1908,1748,1942
Sweden,Denmark,1748,1690,1942
Switzerland,Germany,1753,1908,1942
Germany,Croatia,1908,1865,1942
Switzerland,Sweden,1753,1748,1942
Argentina,Uruguay,2082,1980,1943
Switzerland,Croatia,1741,1869,1943
Uruguay,Argentina,1980,2082,1943
Sweden,Switzerland,1763,1741,1943
Denmark,Sweden,1699,1763,1943
Brazil,Uruguay,1916,1943,1944
Brazil,Uruguay,1916,1943,1944
France,Belgium,1670,1529,1944
Brazil,Colombia,1996,1353,1945
Colombia,Uruguay,1353,1854,1945
Argentina,Colombia,2038,1353,1945
Brazil,Uruguay,1996,1854,1945
Argentina,Brazil,2038,1996,1945
Argentina,Uruguay,2038,1854,1945
Portugal,Spain,1660,1942,1945
Switzerland,France,1800,1648,1945
Spain,Portugal,1942,1660,1945
Switzerland,Portugal,1800,1660,1945
England,France,1962,1648,1945
Sweden,Denmark,1792,1705,1945
Denmark,Sweden,1705,1792,1945
Uruguay,Argentina,1854,2038,1945
Switzerland,England,1800,1962,1945
Argentina,Uruguay,2038,1854,1945
Sweden,Denmark,1792,1705,1945
Switzerland,Sweden,1800,1792,1945
Belgium,France,1516,1648,1945
Brazil,Argentina,1996,2038,1945
Brazil,Argentina,1996,2038,1945
Brazil,Argentina,1996,2038,1945
Uruguay,Brazil,1823,1976,1946
England,Belgium,2004,1524,1946
Brazil,Uruguay,1976,1823,1946
Argentina,Uruguay,2085,1823,1946
Argentina,Brazil,2085,1976,1946
Costa Rica,Panama,1549,1384,1946
Portugal,France,1678,1684,1946
England,Switzerland,2004,1783,1946
France,England,1684,2004,1946
Denmark,Sweden,1744,1805,1946
Sweden,Switzerland,1805,1783,1946
Iceland,Denmark,1308,1744,1946
Sweden,Denmark,1805,1744,1946
Portugal,Switzerland,1681,1763,1947
Portugal,Spain,1681,1887,1947
France,Portugal,1740,1681,1947
Uruguay,Brazil,1819,1980,1947
Brazil,Uruguay,1980,1819,1947
England,France,2021,1740,1947
Switzerland,England,1763,2021,1947
Portugal,England,1681,2021,1947
France,Belgium,1740,1514,1947
Switzerland,France,1763,1740,1947
Denmark,Sweden,1727,1862,1947
Sweden,Denmark,1862,1727,1947
Sweden,Poland,1862,1578,1947
Belgium,England,1514,2021,1947
Switzerland,Belgium,1763,1514,1947
England,Sweden,2021,1862,1947
Portugal,France,1681,1740,1947
Colombia,Uruguay,1407,1819,1947
Argentina,Peru,2102,1647,1947
Argentina,Colombia,2102,1407,1947
Colombia,Peru,1407,1647,1947
Peru,Uruguay,1647,1819,1947
Argentina,Uruguay,2102,1819,1947
Costa Rica,Panama,1571,1483,1948
Spain,Portugal,1893,1688,1948
Uruguay,Brazil,1869,1951,1948
Uruguay,Brazil,1869,1951,1948
Belgium,France,1547,1750,1948
Switzerland,Spain,1754,1893,1948
Denmark,Poland,1803,1570,1948
Denmark,England,1803,2088,1948
Sweden,Denmark,1996,1803,1948
France,Belgium,1750,1547,1948
England,Switzerland,2088,1754,1948
Spain,Belgium,1893,1632,1949
Portugal,Spain,1690,1893,1949
Colombia,Peru,1305,1733,1949
Brazil,Colombia,1984,1305,1949
Brazil,Peru,1984,1733,1949
Uruguay,Colombia,1719,1305,1949
Brazil,Uruguay,1984,1719,1949
Peru,Uruguay,1733,1719,1949
Sweden,England,1969,2046,1949
France,England,1715,2046,1949
France,Switzerland,1715,1725,1949
France,Spain,1715,1893,1949
Poland,Denmark,1561,1800,1949
Denmark,Iceland,1800,1311,1949
Belgium,Switzerland,1632,1725,1949
Denmark,Sweden,1800,1969,1949
Spain,Portugal,1868,1685,1950
Portugal,Spain,1685,1868,1950
Brazil,Uruguay,2014,1871,1950
Brazil,Uruguay,2014,1871,1950
Portugal,England,1685,1999,1950
Belgium,England,1683,1999,1950
Belgium,France,1683,1699,1950
Brazil,Mexico,2014,1724,1950
Brazil,Switzerland,2014,1757,1950
England,Spain,1999,1868,1950
Mexico,Switzerland,1724,1757,1950
Brazil,Sweden,2014,1933,1950
Spain,Uruguay,1868,1871,1950
Brazil,Spain,2014,1868,1950
Sweden,Uruguay,1933,1871,1950
Brazil,Uruguay,2014,1871,1950
Spain,Sweden,1868,1933,1950
Sweden,Denmark,1933,1760,1950
France,Belgium,1699,1683,1950
Switzerland,Sweden,1757,1933,1950
Spain,Switzerland,1877,1723,1951
Panama,Costa Rica,1520,1580,1951
Costa Rica,Panama,1580,1520,1951
England,Argentina,1968,2071,1951
England,Portugal,1968,1664,1951
Belgium,Spain,1667,1877,1951
Portugal,Belgium,1664,1667,1951
Sweden,Spain,1843,1877,1951
Iceland,Sweden,1326,1843,1951
England,France,1968,1728,1951
Switzerland,France,1723,1728,1951
Denmark,Sweden,1756,1843,1951
Mexico,Uruguay,1635,1855,1952
Panama,Peru,1446,1763,1952
France,Sweden,1763,1845,1952
Peru,Uruguay,1763,1855,1952
Brazil,Mexico,2058,1635,1952
Panama,Uruguay,1446,1855,1952
Brazil,Peru,2058,1763,1952
Mexico,Panama,1635,1446,1952
Brazil,Panama,2058,1446,1952
Brazil,Uruguay,2058,1855,1952
France,Portugal,1763,1653,1952
Mexico,Peru,1635,1763,1952
Belgium,France,1699,1763,1952
Switzerland,England,1704,2011,1952
Denmark,Sweden,1679,1845,1952
Sweden,Denmark,1845,1679,1952
England,Belgium,2011,1699,1952
Spain,Argentina,1867,2082,1952
Portugal,Argentina,1653,2082,1952
France,Belgium,1763,1699,1952
Costa Rica,Panama,1655,1292,1953
Brazil,Uruguay,1971,1883,1953
Peru,Brazil,1716,1971,1953
Spain,Belgium,1873,1749,1953
Peru,Uruguay,1716,1883,1953
Argentina,England,2088,2006,1953
Argentina,England,2088,2006,1953
Sweden,Belgium,1807,1749,1953
Uruguay,England,1883,2006,1953
Sweden,France,1807,1790,1953
Denmark,Sweden,1710,1807,1953
Switzerland,Denmark,1675,1710,1953
Argentina,Spain,2088,1873,1953
Denmark,Iceland,1710,1320,1953
Belgium,Sweden,1749,1807,1953
Spain,Sweden,1873,1807,1953
France,Switzerland,1790,1675,1953
Switzerland,Belgium,1675,1749,1953
Belgium,Portugal,1778,1654,1954
Switzerland,Uruguay,1726,1938,1954
Belgium,France,1778,1806,1954
Brazil,Mexico,2011,1655,1954
Belgium,England,1778,1998,1954
France,Mexico,1806,1655,1954
Switzerland,England,1726,1998,1954
England,Uruguay,1998,1938,1954
Sweden,Iceland,1825,1334,1954
Denmark,Switzerland,1649,1726,1954
Sweden,Denmark,1825,1649,1954
France,Belgium,1806,1778,1954
Portugal,Argentina,1654,2070,1954
Spain,France,1831,1840,1955
Argentina,Uruguay,2117,1890,1955
Peru,Uruguay,1776,1890,1955
France,Sweden,1840,1790,1955
Argentina,Peru,2117,1776,1955
France,England,1840,1965,1955
Spain,England,1831,1965,1955
Portugal,England,1661,1965,1955
Switzerland,Spain,1680,1831,1955
Iceland,Denmark,1340,1653,1955
Denmark,England,1653,1965,1955
Switzerland,France,1680,1840,1955
Denmark,Sweden,1653,1790,1955
Portugal,Sweden,1661,1790,1955
England,Spain,1965,1831,1955
Egypt,Portugal,1547,1661,1955
Belgium,France,1725,1840,1955
Argentina,Peru,2097,1731,1956
Uruguay,Peru,1933,1731,1956
Brazil,Peru,2026,1731,1956
Argentina,Brazil,2097,2026,1956
Uruguay,Brazil,1933,2026,1956
Uruguay,Argentina,1933,2097,1956
Mexico,Costa Rica,1655,1782,1956
Argentina,Peru,2097,1731,1956
Mexico,Peru,1655,1731,1956
Argentina,Costa Rica,2097,1782,1956
Brazil,Peru,2026,1731,1956
Mexico,Brazil,1655,2026,1956
Belgium,Switzerland,1673,1677,1956
Brazil,Costa Rica,2026,1782,1956
Mexico,Argentina,1655,2097,1956
Costa Rica,Peru,1782,1731,1956
Argentina,Brazil,2097,2026,1956
Portugal,Brazil,1694,2026,1956
Switzerland,Brazil,1677,2026,1956
England,Brazil,2000,2026,1956
Sweden,England,1773,2000,1956
Portugal,Spain,1694,1813,1956
Brazil,Uruguay,2026,1933,1956
Uruguay,Argentina,1933,2097,1956
Argentina,Brazil,2097,2026,1956
Uruguay,Argentina,1933,2097,1956
Sweden,Denmark,1773,1618,1956
France,Belgium,1858,1673,1956
Argentina,Uruguay,2097,1933,1956
England,Denmark,2000,1618,1956
Spain,Switzerland,1873,1629,1957
Argentina,Colombia,2061,1375,1957
Colombia,Uruguay,1375,1907,1957
Argentina,Uruguay,2061,1907,1957
Peru,Uruguay,1750,1907,1957
Brazil,Colombia,1974,1375,1957
Peru,Colombia,1750,1375,1957
Brazil,Uruguay,1974,1907,1957
Belgium,Spain,1675,1873,1957
Peru,Brazil,1750,1974,1957
Argentina,Brazil,2061,1974,1957
Peru,Argentina,1750,2061,1957
Peru,Argentina,1750,2061,1957
Peru,Brazil,1750,1974,1957
Brazil,Peru,1974,1750,1957
Denmark,England,1569,2002,1957
Uruguay,Argentina,1907,2061,1957
France,Iceland,1849,1280,1957
Argentina,Uruguay,2061,1907,1957
Belgium,Iceland,1675,1280,1957
Brazil,Portugal,1974,1672,1957
Brazil,Portugal,1974,1672,1957
Colombia,Uruguay,1375,1907,1957
Denmark,Sweden,1569,1797,1957
Uruguay,Colombia,1907,1375,1957
Brazil,Argentina,1974,2061,1957
Brazil,Argentina,1974,2061,1957
Iceland,Denmark,1280,1569,1957
Iceland,France,1280,1849,1957
Iceland,Belgium,1280,1675,1957
Mexico,Costa Rica,1778,1790,1957
Belgium,France,1675,1849,1957
Costa Rica,Mexico,1790,1778,1957
Switzerland,Spain,1629,1873,1957
England,France,2002,1849,1957
France,Spain,1935,1878,1958
Uruguay,Argentina,1912,1920,1958
Spain,Portugal,1878,1668,1958
France,Switzerland,1935,1602,1958
Argentina,Uruguay,1920,1912,1958
England,Portugal,1944,1668,1958
Sweden,Switzerland,1900,1602,1958
Denmark,Poland,1589,1584,1958
Switzerland,Belgium,1602,1644,1958
Sweden,Mexico,1900,1723,1958
Brazil,England,2139,1944,1958
Brazil,France,2139,1935,1958
Sweden,Brazil,1900,2139,1958
Sweden,Denmark,1900,1589,1958
France,Belgium,1943,1625,1959
Mexico,Costa Rica,1775,1760,1959
Costa Rica,Mexico,1760,1775,1959
Brazil,Peru,2023,1774,1959
Peru,Uruguay,1774,1940,1959
Argentina,Peru,1971,1774,1959
Brazil,Uruguay,2023,1940,1959
Argentina,Uruguay,1971,1940,1959
Argentina,Brazil,1971,2023,1959
Brazil,England,2023,1904,1959
Switzerland,Portugal,1576,1693,1959
Peru,England,1774,1904,1959
Sweden,Portugal,1917,1693,1959
Mexico,England,1775,1904,1959
Denmark,Sweden,1630,1917,1959
Poland,Spain,1591,1903,1959
Spain,Poland,1903,1591,1959
England,Sweden,1904,1917,1959
France,Portugal,1943,1693,1959
Brazil,Uruguay,2023,1940,1959
Argentina,Uruguay,1971,1940,1959
France,Spain,1943,1903,1959
Argentina,Brazil,1971,2023,1959
Belgium,France,1594,1856,1960
Brazil,Mexico,2066,1811,1960
Costa Rica,Argentina,1676,2015,1960
Argentina,Mexico,2015,1811,1960
Costa Rica,Brazil,1676,2066,1960
Argentina,Brazil,2015,2066,1960
Brazil,Mexico,2066,1811,1960
Costa Rica,Argentina,1676,2015,1960
Argentina,Mexico,2015,1811,1960
Costa Rica,Brazil,1676,2066,1960
Argentina,Brazil,2015,2066,1960
Belgium,Switzerland,1594,1659,1960
Denmark,Brazil,1684,2066,1960
Spain,England,1917,1943,1960
Argentina,Brazil,2015,2066,1960
Argentina,Brazil,2015,2066,1960
Uruguay,Brazil,1940,2066,1960
Peru,Spain,1761,1917,1960
Brazil,Argentina,2066,2015,1960
Argentina,Spain,2015,1917,1960
Argentina,Uruguay,2015,1940,1960
Poland,France,1648,1856,1960
Switzerland,France,1659,1856,1960
Sweden,Belgium,1907,1594,1960
Sweden,Denmark,1907,1684,1960
England,Spain,1943,1917,1960
Morocco,Tunisia,1651,1501,1960
Sweden,France,1907,1856,1960
Tunisia,Morocco,1501,1651,1960
Belgium,Switzerland,1594,1659,1960
Morocco,Tunisia,1687,1502,1961
France,Belgium,1778,1645,1961
Costa Rica,Mexico,1708,1807,1961
Spain,France,1961,1778,1961
Mexico,Costa Rica,1807,1708,1961
Colombia,Peru,1439,1696,1961
Peru,Colombia,1696,1439,1961
England,Mexico,1938,1807,1961
Switzerland,Belgium,1720,1645,1961
Portugal,England,1647,1938,1961
Sweden,Switzerland,1875,1720,1961
Portugal,Argentina,1647,1974,1961
Spain,Argentina,1961,1974,1961
Denmark,Sweden,1670,1875,1961
Belgium,Sweden,1645,1875,1961
Belgium,France,1645,1778,1961
England,Portugal,1938,1647,1961
Switzerland,Sweden,1720,1875,1961
Poland,Denmark,1680,1670,1961
Morocco,Spain,1687,1961,1961
Switzerland,Sweden,1720,1875,1961
Spain,Morocco,1961,1687,1961
Nigeria,Tunisia,1614,1502,1961
France,Spain,1778,1961,1961
Tunisia,Nigeria,1502,1614,1961
Uruguay,Argentina,1856,1960,1962
Argentina,Mexico,1960,1847,1962
Colombia,Mexico,1459,1847,1962
Colombia,Mexico,1459,1847,1962
France,Poland,1763,1636,1962
Morocco,Poland,1671,1636,1962
Mexico,Colombia,1847,1459,1962
Brazil,Portugal,2194,1653,1962
Brazil,Portugal,2194,1653,1962
England,Switzerland,1937,1614,1962
Portugal,Belgium,1653,1662,1962
Peru,England,1684,1937,1962
Poland,Belgium,1636,1662,1962
Brazil,Mexico,2194,1847,1962
Colombia,Uruguay,1459,1856,1962
Argentina,England,1960,1937,1962
Mexico,Spain,1847,1895,1962
Brazil,Spain,2194,1895,1962
Brazil,England,2194,1937,1962
Argentina,Uruguay,1960,1856,1962
England,France,1937,1763,1962
Poland,Morocco,1636,1671,1962
Sweden,Denmark,1873,1706,1962
Belgium,Spain,1662,1895,1962
Spain,France,1848,1774,1963
Morocco,Switzerland,1653,1577,1963
France,England,1774,1949,1963
Nigeria,Senegal,1558,1584,1963
Argentina,Colombia,1935,1430,1963
Brazil,Peru,1945,1640,1963
Argentina,Peru,1935,1640,1963
Brazil,Colombia,1945,1430,1963
Argentina,Brazil,1935,1945,1963
Colombia,Peru,1430,1640,1963
Costa Rica,Mexico,1773,1804,1963
Brazil,Argentina,1945,1935,1963
Brazil,Argentina,1945,1935,1963
Portugal,Brazil,1653,1945,1963
Belgium,Brazil,1726,1945,1963
France,Brazil,1774,1945,1963
England,Brazil,1949,1945,1963
Egypt,Brazil,1779,1945,1963
Switzerland,England,1577,1949,1963
Morocco,Tunisia,1653,1594,1963
Colombia,Costa Rica,1430,1773,1963
Colombia,Costa Rica,1430,1773,1963
Denmark,Sweden,1667,1901,1963
France,Switzerland,1774,1577,1963
Egypt,Saudi Arabia,1779,1292,1963
Egypt,Nigeria,1779,1558,1963
Spain,Belgium,1848,1726,1963
France,Belgium,1774,1726,1963
Switzerland,Belgium,1574,1718,1964
Switzerland,Portugal,1574,1683,1964
Belgium,Portugal,1718,1683,1964
England,Uruguay,1920,1861,1964
Portugal,England,1683,1920,1964
Brazil,England,1952,1920,1964
Argentina,Portugal,1961,1683,1964
Brazil,Argentina,1952,1961,1964
England,Portugal,1920,1683,1964
Argentina,England,1961,1920,1964
Brazil,Portugal,1952,1683,1964
Sweden,Denmark,1861,1622,1964
Sweden,Poland,1861,1682,1964
England,Belgium,1920,1718,1964
Portugal,Spain,1683,1923,1964
Belgium,France,1718,1746,1964
Tunisia,Morocco,1619,1658,1965
Costa Rica,Mexico,1747,1868,1965
Belgium,Poland,1756,1682,1965
Costa Rica,Mexico,1747,1868,1965
Morocco,Tunisia,1658,1619,1965
Mexico,Costa Rica,1868,1747,1965
Sweden,England,1790,1947,1965
Brazil,Belgium,2022,1756,1965
France,Argentina,1768,1986,1965
Peru,Uruguay,1620,1848,1965
Brazil,Argentina,2022,1986,1965
Uruguay,Peru,1848,1620,1965
Denmark,Sweden,1609,1790,1965
Portugal,Brazil,1777,2022,1965
Sweden,Brazil,1790,2022,1965
Iceland,Denmark,1282,1609,1965
Brazil,Uruguay,2022,1848,1965
Tunisia,Senegal,1619,1639,1965
Spain,England,1896,1947,1965
England,Poland,2087,1672,1966
France,Belgium,1735,1761,1966
Poland,Sweden,1672,1811,1966
Brazil,Peru,1925,1616,1966
Brazil,Poland,1925,1672,1966
Brazil,Poland,1925,1672,1966
Brazil,Peru,1925,1616,1966
Argentina,Poland,1974,1672,1966
Switzerland,Mexico,1591,1840,1966
Denmark,Portugal,1542,1987,1966
Spain,Uruguay,1862,1843,1966
Portugal,Uruguay,1987,1843,1966
Sweden,Brazil,1811,1925,1966
Denmark,England,1542,2087,1966
Poland,England,1672,2087,1966
England,Uruguay,2087,1843,1966
Argentina,Spain,1974,1862,1966
France,Mexico,1735,1840,1966
France,Uruguay,1735,1843,1966
Spain,Switzerland,1862,1591,1966
England,Mexico,2087,1840,1966
Argentina,Switzerland,1974,1591,1966
Brazil,Portugal,1925,1987,1966
Mexico,Uruguay,1840,1843,1966
England,France,2087,1735,1966
England,Argentina,2087,1974,1966
England,Portugal,2087,1987,1966
Belgium,Switzerland,1761,1591,1966
France,Poland,1735,1672,1966
Sweden,Denmark,1811,1542,1966
Belgium,France,1761,1735,1966
Portugal,Sweden,1987,1811,1966
Mexico,Switzerland,1809,1687,1967
Mexico,Switzerland,1809,1687,1967
Uruguay,Argentina,1895,1940,1967
Poland,Belgium,1683,1710,1967
England,Spain,2071,1870,1967
Sweden,Portugal,1713,1954,1967
Denmark,Sweden,1620,1713,1967
Uruguay,Brazil,1895,1941,1967
Uruguay,Brazil,1895,1941,1967
Uruguay,Brazil,1895,1941,1967
Peru,Uruguay,1607,1895,1967
Peru,Uruguay,1607,1895,1967
Mexico,Argentina,1809,1940,1967
Denmark,Iceland,1620,1276,1967
Poland,France,1683,1750,1967
Belgium,Poland,1710,1683,1967
France,Belgium,1750,1710,1967
Saudi Arabia,Tunisia,1326,1585,1967
Spain,Sweden,1861,1749,1968
Mexico,Japan,1848,1657,1968
Australia,Japan,1597,1657,1968
Australia,Japan,1597,1657,1968
England,Spain,2057,1861,1968
Australia,Japan,1597,1657,1968
Sweden,Spain,1749,1861,1968
Spain,England,1861,2057,1968
Mexico,Uruguay,1848,1845,1968
England,Sweden,2057,1749,1968
Mexico,Uruguay,1848,1845,1968
Argentina,Uruguay,1889,1845,1968
Brazil,Uruguay,1988,1845,1968
Brazil,Uruguay,1988,1845,1968
Poland,Brazil,1709,1988,1968
Uruguay,Argentina,1845,1889,1968
Sweden,Denmark,1749,1621,1968
Portugal,Brazil,1904,1988,1968
Mexico,Brazil,1848,1988,1968
Mexico,Brazil,1848,1988,1968
Peru,Brazil,1605,1988,1968
Peru,Brazil,1605,1988,1968
Brazil,Argentina,1988,1889,1968
Brazil,Argentina,1988,1889,1968
Peru,Argentina,1605,1889,1968
Peru,Argentina,1605,1889,1968
Colombia,Mexico,1433,1848,1968
France,Spain,1685,1861,1968
Peru,Mexico,1605,1848,1968
Uruguay,Mexico,1845,1848,1968
Brazil,Mexico,1988,1848,1968
Brazil,Mexico,1988,1848,1968
Morocco,Senegal,1695,1614,1968
Spain,Belgium,1861,1783,1968
Argentina,Poland,1889,1709,1968
Senegal,Morocco,1578,1687,1969
Mexico,Denmark,1666,1651,1969
Mexico,Colombia,1666,1424,1969
Morocco,Senegal,1687,1578,1969
Belgium,Spain,1778,1805,1969
England,France,2084,1744,1969
Spain,Switzerland,1805,1647,1969
Portugal,Mexico,1811,1666,1969
Brazil,Peru,2033,1709,1969
Brazil,Peru,2033,1709,1969
Belgium,Mexico,1778,1666,1969
Portugal,Switzerland,1811,1647,1969
Spain,Mexico,1805,1666,1969
Tunisia,Morocco,1585,1687,1969
Sweden,Mexico,1819,1666,1969
Denmark,Mexico,1651,1666,1969
Colombia,Peru,1424,1709,1969
Morocco,Tunisia,1687,1585,1969
Mexico,Peru,1666,1709,1969
Mexico,Peru,1666,1709,1969
Mexico,England,1666,2084,1969
Mexico,England,1666,2084,1969
Uruguay,England,1862,2084,1969
Brazil,England,2033,2084,1969
Tunisia,Morocco,1585,1687,1969
Peru,Colombia,1709,1424,1969
Denmark,Sweden,1651,1819,1969
Peru,Uruguay,1709,1862,1969
Colombia,Uruguay,1424,1862,1969
Peru,Argentina,1709,1812,1969
Colombia,Brazil,1424,2033,1969
Brazil,Colombia,2033,1424,1969
Argentina,Peru,1812,1709,1969
Morocco,Nigeria,1687,1627,1969
Japan,Australia,1597,1627,1969
Sweden,France,1819,1744,1969
Australia,Japan,1627,1597,1969
France,Sweden,1744,1819,1969
Switzerland,Portugal,1647,1811,1969
Mexico,Belgium,1666,1778,1969
Nigeria,Morocco,1627,1687,1969
England,Portugal,2084,1811,1969
Mexico,Sweden,1730,1846,1970
Belgium,England,1738,2035,1970
Mexico,Sweden,1730,1846,1970
Brazil,Argentina,2179,1835,1970
Peru,Mexico,1760,1730,1970
Brazil,Argentina,2179,1835,1970
Peru,Mexico,1760,1730,1970
Mexico,Peru,1730,1760,1970
Mexico,Peru,1730,1760,1970
Uruguay,Peru,1853,1760,1970
Argentina,Uruguay,1835,1853,1970
Uruguay,Argentina,1853,1835,1970
Switzerland,Spain,1687,1852,1970
Switzerland,France,1687,1776,1970
Denmark,Poland,1574,1810,1970
Colombia,England,1422,2035,1970
Morocco,Peru,1648,1760,1970
Brazil,England,2179,2035,1970
Sweden,Uruguay,1846,1853,1970
Mexico,Belgium,1730,1738,1970
Brazil,Peru,2179,1760,1970
Brazil,Uruguay,2179,1853,1970
Sweden,Denmark,1846,1574,1970
Iceland,Denmark,1289,1574,1970
Poland,Denmark,1810,1574,1970
Brazil,Mexico,2179,1730,1970
Denmark,Portugal,1574,1818,1970
Iran,Australia,1599,1695,1970
Belgium,France,1738,1776,1970
Belgium,Denmark,1738,1574,1970
Argentina,France,1870,1780,1971
Argentina,France,1870,1780,1971
Belgium,Portugal,1805,1793,1971
Spain,France,1861,1780,1971
Switzerland,Poland,1711,1789,1971
Portugal,Denmark,1793,1616,1971
Denmark,Belgium,1616,1805,1971
Denmark,Sweden,1616,1841,1971
Argentina,Uruguay,1870,1809,1971
Uruguay,Argentina,1809,1870,1971
Argentina,Brazil,1870,2141,1971
Denmark,Japan,1616,1530,1971
Argentina,Brazil,1870,2141,1971
Iceland,Japan,1277,1530,1971
Switzerland,England,1711,2038,1971
England,Switzerland,2038,1711,1971
Portugal,Belgium,1793,1805,1971
Costa Rica,Mexico,1618,1767,1971
Senegal,Morocco,1558,1663,1972
Nigeria,Morocco,1623,1663,1972
Colombia,Peru,1406,1694,1972
Mexico,Peru,1820,1694,1972
Switzerland,Sweden,1726,1824,1972
Poland,Switzerland,1964,1726,1972
Belgium,Iceland,1855,1269,1972
Iceland,Belgium,1269,1855,1972
Spain,Uruguay,1875,1783,1972
Iran,Portugal,1578,1908,1972
Colombia,France,1406,1789,1972
Argentina,Colombia,1876,1406,1972
Argentina,France,1876,1789,1972
Argentina,Portugal,1876,1908,1972
Sweden,Denmark,1824,1665,1972
Portugal,Uruguay,1908,1783,1972
Iceland,Denmark,1269,1665,1972
Argentina,Uruguay,1876,1783,1972
Brazil,Portugal,2142,1908,1972
Costa Rica,Mexico,1594,1820,1972
Peru,Mexico,1694,1820,1972
Denmark,Switzerland,1665,1726,1972
Spain,Argentina,1875,1876,1972
Mexico,Costa Rica,1820,1594,1972
Peru,Argentina,1694,1876,1972
Morocco,Senegal,1663,1558,1972
Senegal,Morocco,1558,1663,1972
Egypt,Tunisia,1702,1650,1972
Tunisia,Egypt,1650,1702,1972
Mexico,Argentina,1731,1891,1973
Morocco,Senegal,1654,1563,1973
France,Portugal,1768,1866,1973
Peru,Panama,1672,1195,1973
Denmark,Sweden,1657,1879,1973
Argentina,Uruguay,1891,1764,1973
Uruguay,Argentina,1764,1891,1973
Poland,England,1967,1976,1973
Tunisia,Brazil,1721,2133,1973
Colombia,Uruguay,1468,1764,1973
Sweden,Brazil,1879,2133,1973
Peru,Colombia,1672,1468,1973
Uruguay,Colombia,1764,1468,1973
Sweden,Iceland,1879,1256,1973
Argentina,Peru,1891,1672,1973
Mexico,Poland,1731,1967,1973
Mexico,Poland,1731,1967,1973
Egypt,Tunisia,1630,1721,1973
Australia,Iran,1681,1602,1973
Iran,Australia,1602,1681,1973
England,Poland,1976,1967,1973
France,Denmark,1768,1657,1973
Saudi Arabia,Morocco,1328,1730,1974
Brazil,Mexico,2036,1748,1974
Portugal,England,1857,1972,1974
Belgium,Poland,1902,2031,1974
Switzerland,Belgium,1692,1902,1974
France,Argentina,1788,1856,1974
England,Argentina,1972,1856,1974
Denmark,Sweden,1626,1832,1974
Sweden,Switzerland,1832,1692,1974
Poland,Argentina,2031,1856,1974
Sweden,Uruguay,1832,1698,1974
Sweden,Poland,1832,2031,1974
Argentina,Brazil,1856,2036,1974
Brazil,Poland,2036,2031,1974
Poland,France,2031,1788,1974
Iceland,Belgium,1287,1902,1974
Denmark,Spain,1626,1921,1974
Morocco,Tunisia,1730,1653,1974
Denmark,Iceland,1626,1287,1974
Argentina,Spain,1856,1921,1974
Belgium,France,1902,1788,1974
Switzerland,Portugal,1692,1857,1974
England,Portugal,1972,1857,1974
Senegal,Nigeria,1608,1651,1975
Nigeria,Senegal,1651,1608,1975
Morocco,Tunisia,1747,1613,1975
Brazil,Portugal,2027,1845,1975
France,Portugal,1764,1845,1975
Senegal,Nigeria,1608,1651,1975
Iceland,France,1339,1764,1975
Panama,Costa Rica,1232,1587,1975
Uruguay,Argentina,1700,1873,1975
Brazil,Argentina,2027,1873,1975
Argentina,Brazil,1873,2027,1975
Mexico,Costa Rica,1754,1587,1975
Mexico,Argentina,1754,1873,1975
France,Iceland,1764,1339,1975
Switzerland,England,1661,1974,1975
Belgium,Iceland,1886,1339,1975
Colombia,Uruguay,1627,1700,1975
Sweden,Denmark,1825,1591,1975
Brazil,Peru,2027,1780,1975
Uruguay,Colombia,1700,1627,1975
Peru,Brazil,1780,2027,1975
Spain,Denmark,1910,1591,1975
Colombia,Peru,1627,1780,1975
Peru,Colombia,1780,1627,1975
Colombia,Peru,1627,1780,1975
France,Belgium,1764,1886,1975
Portugal,England,1845,1974,1975
Egypt,Saudi Arabia,1703,1316,1975
Saudi Arabia,Morocco,1356,1710,1976
Uruguay,Brazil,1669,2091,1976
Argentina,Brazil,1921,2091,1976
Tunisia,Sweden,1646,1810,1976
Morocco,Nigeria,1710,1702,1976
Egypt,Morocco,1643,1710,1976
Morocco,Nigeria,1710,1702,1976
Egypt,Nigeria,1643,1702,1976
Poland,Argentina,1937,1921,1976
Panama,Costa Rica,1225,1550,1976
Argentina,Uruguay,1921,1669,1976
France,Poland,1804,1937,1976
Brazil,Uruguay,2091,1669,1976
Sweden,Denmark,1810,1640,1976
Switzerland,Poland,1604,1937,1976
Brazil,Argentina,2091,1921,1976
Brazil,England,2091,1959,1976
Mexico,Brazil,1700,2091,1976
Uruguay,Argentina,1669,1921,1976
Costa Rica,Panama,1550,1225,1976
Denmark,France,1640,1804,1976
Iceland,Belgium,1370,1874,1976
Saudi Arabia,Morocco,1356,1710,1976
Saudi Arabia,Tunisia,1356,1646,1976
Switzerland,Sweden,1604,1810,1976
Peru,Uruguay,1749,1669,1976
Colombia,Uruguay,1615,1669,1976
Portugal,Poland,1827,1937,1976
Peru,Argentina,1749,1921,1976
Argentina,Peru,1921,1749,1976
Portugal,Denmark,1827,1640,1976
Uruguay,Peru,1669,1749,1976
Morocco,Tunisia,1710,1646,1976
Saudi Arabia,Iran,1339,1762,1977
Tunisia,Morocco,1719,1661,1977
Senegal,Denmark,1596,1642,1977
Colombia,Brazil,1577,2070,1977
Brazil,Colombia,2070,1577,1977
Argentina,Iran,1906,1762,1977
Portugal,Switzerland,1865,1614,1977
Iran,Saudi Arabia,1762,1339,1977
Switzerland,France,1614,1842,1977
Denmark,Poland,1642,1916,1977
Mexico,Peru,1787,1770,1977
Mexico,Peru,1787,1770,1977
Senegal,Morocco,1596,1661,1977
Argentina,Poland,1906,1916,1977
Brazil,England,2070,1927,1977
Sweden,Switzerland,1750,1614,1977
Peru,Poland,1770,1916,1977
Argentina,England,1906,1927,1977
Denmark,Sweden,1642,1750,1977
Uruguay,England,1656,1927,1977
Brazil,Poland,2070,1916,1977
Argentina,France,1906,1842,1977
Brazil,France,2070,1842,1977
Peru,Brazil,1770,2070,1977
Iceland,Sweden,1398,1750,1977
Iran,Morocco,1762,1661,1977
Australia,Iran,1659,1762,1977
Belgium,Iceland,1793,1398,1977
England,Switzerland,1927,1614,1977
Poland,Denmark,1916,1642,1977
Switzerland,Spain,1614,1949,1977
Tunisia,Nigeria,1719,1684,1977
Sweden,Denmark,1750,1642,1977
Nigeria,Egypt,1684,1663,1977
Denmark,Portugal,1642,1865,1977
Egypt,Nigeria,1663,1684,1977
Poland,Portugal,1916,1865,1977
Nigeria,Tunisia,1684,1719,1977
Poland,Sweden,1916,1750,1977
Egypt,Tunisia,1663,1719,1977
Iran,Australia,1762,1659,1977
Tunisia,Egypt,1719,1663,1977
Morocco,Tunisia,1616,1731,1978
France,Portugal,1890,1890,1978
Nigeria,Tunisia,1676,1731,1978
Argentina,Peru,2039,1807,1978
Peru,Argentina,1807,2039,1978
France,Brazil,1890,2142,1978
Mexico,Peru,1701,1807,1978
England,Brazil,1999,2142,1978
Uruguay,Argentina,1679,2039,1978
Spain,Mexico,1960,1701,1978
Brazil,Peru,2142,1807,1978
Argentina,Uruguay,2039,1679,1978
France,Iran,1890,1720,1978
France,Tunisia,1890,1731,1978
Uruguay,Spain,1679,1960,1978
Mexico,Tunisia,1701,1731,1978
Brazil,Sweden,2142,1741,1978
Argentina,France,2039,1890,1978
Poland,Tunisia,1932,1731,1978
Brazil,Spain,2142,1960,1978
Mexico,Poland,1701,1932,1978
Iran,Peru,1720,1807,1978
Spain,Sweden,1960,1741,1978
Argentina,Poland,2039,1932,1978
Brazil,Peru,2142,1807,1978
Argentina,Brazil,2039,2142,1978
Peru,Poland,1807,1932,1978
Argentina,Peru,2039,1807,1978
Brazil,Poland,2142,1932,1978
Iceland,Denmark,1394,1638,1978
Denmark,Sweden,1638,1741,1978
France,Sweden,1890,1741,1978
Iceland,Poland,1394,1932,1978
Denmark,England,1638,1999,1978
Portugal,Belgium,1890,1790,1978
France,Spain,1890,1960,1978
Poland,Switzerland,1932,1600,1978
Tunisia,Poland,1676,1977,1979
Denmark,Sweden,1661,1678,1979
Switzerland,Iceland,1589,1360,1979
Brazil,Uruguay,2051,1653,1979
Iceland,Switzerland,1360,1589,1979
Sweden,England,1678,2049,1979
Peru,Colombia,1733,1581,1979
Colombia,Peru,1581,1733,1979
Brazil,Argentina,2051,1974,1979
Argentina,Brazil,1974,2051,1979
Peru,Uruguay,1733,1653,1979
Sweden,France,1678,1920,1979
England,Denmark,2049,1661,1979
Switzerland,Poland,1589,1977,1979
Spain,Portugal,1893,1851,1979
Senegal,Nigeria,1591,1678,1979
Poland,Iceland,1977,1360,1979
Belgium,Portugal,1894,1851,1979
Mexico,Peru,1704,1733,1979
Spain,Denmark,1893,1661,1979
Tunisia,Senegal,1676,1591,1979
Morocco,Poland,1642,1947,1980
Morocco,Senegal,1642,1601,1980
Morocco,Tunisia,1642,1669,1980
Nigeria,Egypt,1681,1604,1980
Belgium,Uruguay,1951,1736,1980
Nigeria,Morocco,1681,1642,1980
Egypt,Morocco,1604,1642,1980
Spain,England,1845,1997,1980
Belgium,Poland,1951,1947,1980
Senegal,Tunisia,1601,1669,1980
Sweden,Denmark,1643,1653,1980
England,Argentina,1997,1999,1980
Denmark,Spain,1653,1845,1980
Australia,England,1656,1997,1980
Brazil,Mexico,2045,1672,1980
Tunisia,Morocco,1669,1642,1980
Belgium,England,1951,1997,1980
Belgium,Spain,1951,1845,1980
Spain,England,1845,1997,1980
Senegal,Morocco,1601,1642,1980
Brazil,Poland,2045,1947,1980
Tunisia,Nigeria,1669,1681,1980
Morocco,Senegal,1642,1601,1980
Colombia,Poland,1574,1947,1980
Nigeria,Tunisia,1681,1669,1980
Sweden,Iceland,1643,1413,1980
Uruguay,Peru,1736,1728,1980
Panama,Costa Rica,1185,1506,1980
Australia,Mexico,1656,1672,1980
Australia,Mexico,1656,1672,1980
Brazil,Uruguay,2045,1736,1980
Switzerland,Denmark,1573,1653,1980
Argentina,Poland,1999,1947,1980
Costa Rica,Panama,1506,1185,1980
Peru,Uruguay,1728,1736,1980
Spain,Poland,1845,1947,1980
England,Switzerland,1997,1573,1980
Argentina,Switzerland,1999,1573,1980
Uruguay,Switzerland,1736,1573,1980
Brazil,Switzerland,2045,1573,1980
Argentina,Brazil,2006,2090,1981
Uruguay,Brazil,1789,2090,1981
Japan,Poland,1485,1958,1981
Japan,Poland,1485,1958,1981
Japan,Poland,1485,1958,1981
Colombia,Brazil,1584,2090,1981
Japan,Poland,1485,1958,1981
Spain,France,1876,1895,1981
Saudi Arabia,Tunisia,1399,1663,1981
England,Spain,1896,1876,1981
Tunisia,Senegal,1663,1587,1981
Morocco,Egypt,1594,1614,1981
Senegal,Tunisia,1587,1663,1981
France,Belgium,1895,1915,1981
Egypt,Morocco,1614,1594,1981
England,Brazil,1896,2090,1981
Sweden,Denmark,1719,1754,1981
France,Brazil,1895,2090,1981
Switzerland,England,1662,1896,1981
Portugal,Spain,1746,1876,1981
Sweden,Portugal,1719,1746,1981
Colombia,Spain,1584,1876,1981
Brazil,Spain,2090,1876,1981
Colombia,Peru,1584,1725,1981
Uruguay,Colombia,1789,1584,1981
Peru,Colombia,1725,1584,1981
Iceland,Nigeria,1498,1558,1981
Uruguay,Peru,1789,1725,1981
Denmark,Iceland,1754,1498,1981
Peru,Uruguay,1725,1789,1981
Belgium,France,1915,1895,1981
Colombia,Uruguay,1584,1789,1981
Portugal,Poland,1746,1958,1981
Morocco,Tunisia,1594,1663,1981
Portugal,Sweden,1746,1719,1981
Argentina,Poland,2006,1958,1981
Saudi Arabia,Sweden,1399,1719,1981
Senegal,Morocco,1587,1594,1981
Poland,Spain,1958,1876,1981
Spain,Belgium,1876,1915,1981
Switzerland,Portugal,1751,1788,1982
France,Peru,1921,1743,1982
Spain,Switzerland,1835,1751,1982
Brazil,Portugal,2114,1788,1982
Denmark,Sweden,1730,1700,1982
Morocco,Senegal,1582,1555,1982
Brazil,Switzerland,2114,1751,1982
Denmark,Belgium,1730,1902,1982
Iceland,England,1498,2016,1982
Argentina,Belgium,1941,1902,1982
England,France,2016,1921,1982
Poland,Peru,1986,1743,1982
Poland,Belgium,1986,1902,1982
Argentina,Brazil,1941,2114,1982
Spain,England,1835,2016,1982
Poland,France,1986,1921,1982
France,Poland,1921,1986,1982
Denmark,England,1730,2016,1982
Saudi Arabia,Morocco,1433,1582,1982
Belgium,Switzerland,1902,1751,1982
Portugal,Poland,1788,1986,1982
Spain,Iceland,1835,1498,1982
Niger,Senegal,1246,1555,1982
Senegal,Niger,1555,1246,1982
Niger,Senegal,1290,1520,1983
Senegal,Niger,1520,1290,1983
Portugal,France,1835,1925,1983
Nigeria,Egypt,1558,1639,1983
Nigeria,Egypt,1558,1639,1983
Senegal,Morocco,1520,1631,1983
Senegal,Morocco,1520,1631,1983
Costa Rica,Mexico,1588,1715,1983
Mexico,Costa Rica,1715,1588,1983
Tunisia,Morocco,1610,1631,1983
Iceland,Spain,1467,1869,1983
Belgium,France,1901,1925,1983
Portugal,Brazil,1835,1961,1983
Australia,England,1584,1997,1983
Australia,England,1584,1997,1983
Switzerland,Brazil,1764,1961,1983
Australia,England,1584,1997,1983
Sweden,Brazil,1848,1961,1983
Uruguay,Peru,1857,1680,1983
Peru,Uruguay,1680,1857,1983
Egypt,Tunisia,1639,1610,1983
Nigeria,Morocco,1558,1631,1983
Iceland,Sweden,1467,1848,1983
Peru,Colombia,1680,1586,1983
Argentina,Brazil,1916,1961,1983
Colombia,Peru,1586,1680,1983
Morocco,Nigeria,1631,1558,1983
Tunisia,Egypt,1610,1639,1983
Denmark,France,1823,1925,1983
Brazil,Argentina,1961,1916,1983
England,Denmark,1997,1823,1983
France,Spain,1925,1869,1983
Peru,Uruguay,1680,1857,1983
Uruguay,Peru,1857,1680,1983
Uruguay,Brazil,1857,1961,1983
Poland,Portugal,1912,1835,1983
Brazil,Uruguay,1961,1857,1983
Switzerland,Belgium,1764,1901,1983
Nigeria,Senegal,1558,1520,1983
Senegal,Nigeria,1520,1558,1983
Mexico,Sweden,1715,1848,1983
Argentina,Poland,1908,1882,1984
France,England,2050,1967,1984
Egypt,Nigeria,1657,1576,1984
Panama,Costa Rica,1207,1512,1984
Switzerland,Poland,1764,1882,1984
Spain,Denmark,1871,1888,1984
Poland,Belgium,1882,1800,1984
Switzerland,Sweden,1764,1838,1984
Switzerland,Spain,1764,1871,1984
Sweden,Denmark,1838,1888,1984
Brazil,England,1943,1967,1984
France,Denmark,2050,1888,1984
Uruguay,England,1892,1967,1984
France,Belgium,2050,1800,1984
Brazil,Argentina,1943,1908,1984
Portugal,Spain,1849,1871,1984
Denmark,Belgium,1888,1800,1984
Brazil,Uruguay,1943,1892,1984
France,Portugal,2050,1849,1984
Morocco,Senegal,1675,1498,1984
Denmark,Spain,1888,1871,1984
France,Spain,2050,1871,1984
Uruguay,Argentina,1892,1908,1984
Argentina,Uruguay,1908,1892,1984
Peru,Colombia,1641,1585,1984
Sweden,Mexico,1838,1786,1984
Colombia,Argentina,1585,1908,1984
Switzerland,Argentina,1764,1908,1984
Belgium,Argentina,1800,1908,1984
Sweden,Portugal,1838,1849,1984
Mexico,Argentina,1786,1908,1984
Uruguay,Peru,1892,1641,1984
Saudi Arabia,Iceland,1623,1493,1984
Tunisia,Nigeria,1609,1576,1984
Peru,Uruguay,1641,1892,1984
Mexico,Colombia,1786,1585,1984
Switzerland,Denmark,1764,1888,1984
Argentina,Mexico,1908,1786,1984
Uruguay,Mexico,1892,1786,1984
Portugal,Sweden,1849,1838,1984
Saudi Arabia,Iran,1623,1662,1984
Colombia,Switzerland,1661,1735,1985
Mexico,Poland,1834,1814,1985
Mexico,Switzerland,1834,1735,1985
Colombia,Poland,1661,1814,1985
Colombia,Poland,1661,1814,1985
Uruguay,Colombia,1861,1661,1985
Uruguay,Peru,1861,1682,1985
Peru,Uruguay,1682,1861,1985
Brazil,Colombia,1919,1661,1985
Brazil,Peru,1919,1682,1985
Colombia,Uruguay,1661,1861,1985
Belgium,Poland,1843,1814,1985
Brazil,Uruguay,1919,1861,1985
Brazil,Argentina,1919,1878,1985
Colombia,Brazil,1661,1919,1985
Colombia,Peru,1661,1682,1985
Colombia,Argentina,1661,1878,1985
Mexico,England,1834,1934,1985
Peru,Colombia,1682,1661,1985
Iceland,Spain,1482,1862,1985
Argentina,Colombia,1878,1661,1985
Peru,Argentina,1682,1878,1985
Argentina,Peru,1878,1682,1985
Nigeria,Tunisia,1593,1597,1985
Egypt,Morocco,1632,1694,1985
Tunisia,Nigeria,1597,1593,1985
Morocco,Egypt,1694,1632,1985
Tunisia,Saudi Arabia,1597,1582,1985
France,Uruguay,1989,1861,1985
Sweden,Poland,1872,1814,1985
Denmark,Sweden,1929,1872,1985
Poland,Belgium,1814,1843,1985
Mexico,Peru,1834,1682,1985
Mexico,Peru,1834,1682,1985
Spain,Iceland,1862,1482,1985
Denmark,Switzerland,1929,1735,1985
Egypt,Mexico,1632,1834,1985
Mexico,Argentina,1834,1878,1985
Mexico,Argentina,1834,1878,1985
Tunisia,Poland,1597,1814,1985
Egypt,England,1640,1978,1986
Uruguay,Poland,1776,1780,1986
Spain,Belgium,1992,1802,1986
Mexico,Denmark,1879,1934,1986
Egypt,Senegal,1640,1640,1986
Egypt,Morocco,1640,1724,1986
France,Argentina,1940,2039,1986
Spain,Poland,1992,1780,1986
Brazil,Peru,2015,1642,1986
Mexico,Uruguay,1879,1776,1986
Denmark,Poland,1934,1780,1986
Mexico,England,1879,1978,1986
Spain,Brazil,1992,2015,1986
Morocco,Poland,1724,1780,1986
Belgium,Mexico,1802,1879,1986
Portugal,England,1760,1978,1986
England,Morocco,1978,1724,1986
Poland,Portugal,1780,1760,1986
Denmark,Uruguay,1934,1776,1986
England,Poland,1978,1780,1986
Portugal,Morocco,1760,1724,1986
Argentina,Uruguay,2039,1776,1986
Brazil,Poland,2015,1780,1986
Denmark,Spain,1934,1992,1986
Brazil,France,2015,1940,1986
Argentina,England,2039,1978,1986
Spain,Belgium,1992,1802,1986
Argentina,Belgium,2039,1802,1986
France,Belgium,1940,1802,1986
Switzerland,France,1722,1940,1986
Iceland,France,1491,1940,1986
Sweden,England,1889,1978,1986
Sweden,Switzerland,1889,1722,1986
Portugal,Sweden,1760,1889,1986
Switzerland,Portugal,1722,1760,1986
Portugal,Belgium,1748,1777,1987
Spain,England,1960,2014,1987
France,Iceland,1863,1549,1987
England,Brazil,2014,1959,1987
Japan,Senegal,1486,1498,1987
Australia,Morocco,1671,1702,1987
Switzerland,Sweden,1738,1883,1987
Australia,Egypt,1671,1677,1987
Argentina,Peru,1905,1655,1987
Argentina,Uruguay,1905,1853,1987
Colombia,Argentina,1757,1905,1987
Sweden,Denmark,1883,1908,1987
Sweden,Portugal,1883,1748,1987
Portugal,Switzerland,1748,1738,1987
France,Switzerland,1850,1735,1988
France,Morocco,1850,1653,1988
Egypt,Nigeria,1673,1578,1988
France,Spain,1850,1897,1988
England,Colombia,1884,1816,1988
Switzerland,England,1735,1884,1988
Spain,Sweden,1897,1954,1988
Denmark,Belgium,1821,1803,1988
Switzerland,Spain,1735,1897,1988
Denmark,Spain,1821,1897,1988
Argentina,Saudi Arabia,1849,1591,1988
Australia,Brazil,1720,1992,1988
Australia,Saudi Arabia,1720,1591,1988
Egypt,Saudi Arabia,1673,1591,1988
Argentina,Brazil,1849,1992,1988
Saudi Arabia,Tunisia,1591,1487,1988
Brazil,Saudi Arabia,1992,1591,1988
Egypt,Tunisia,1673,1487,1988
Australia,Argentina,1720,1849,1988
Argentina,Saudi Arabia,1849,1591,1988
Australia,Brazil,1720,1992,1988
Costa Rica,Panama,1565,1257,1988
Panama,Costa Rica,1257,1565,1988
Colombia,Uruguay,1816,1851,1988
Sweden,Denmark,1954,1821,1988
England,Denmark,1884,1821,1988
Saudi Arabia,Iran,1591,1592,1988
Denmark,Iceland,1821,1542,1988
Belgium,Brazil,1803,1992,1988
Spain,Argentina,1897,1849,1988
Sweden,Portugal,1954,1756,1988
Belgium,Switzerland,1803,1735,1988
England,Sweden,1884,1954,1988
Saudi Arabia,Egypt,1591,1673,1988
Saudi Arabia,England,1591,1884,1988
Saudi Arabia,Tunisia,1591,1487,1988
Japan,Iran,1371,1592,1988
Morocco,Egypt,1653,1673,1988
Egypt,Switzerland,1673,1735,1988
Uruguay,Peru,1851,1613,1988
Iran,Japan,1580,1407,1989
Tunisia,Morocco,1472,1591,1989
Colombia,Peru,1822,1522,1989
Mexico,Poland,1907,1792,1989
Portugal,Belgium,1778,1852,1989
Colombia,Argentina,1822,1801,1989
Tunisia,Egypt,1472,1710,1989
Portugal,Switzerland,1778,1672,1989
Sweden,Poland,1961,1792,1989
Brazil,Peru,2005,1522,1989
Peru,Brazil,1522,2005,1989
England,Poland,1944,1792,1989
Denmark,England,1906,1944,1989
Brazil,Portugal,2005,1778,1989
Denmark,Sweden,1906,1961,1989
Brazil,Sweden,2005,1961,1989
Denmark,Brazil,1906,2005,1989
Switzerland,Brazil,1672,2005,1989
Brazil,Peru,2005,1522,1989
Brazil,Colombia,2005,1822,1989
Uruguay,Argentina,1873,1801,1989
Colombia,Peru,1822,1522,1989
Argentina,Brazil,1801,2005,1989
Argentina,Uruguay,1801,1873,1989
Senegal,Tunisia,1561,1472,1989
Uruguay,Brazil,1873,2005,1989
Brazil,Japan,2005,1407,1989
Tunisia,Senegal,1472,1561,1989
Uruguay,Colombia,1873,1822,1989
Morocco,Tunisia,1591,1472,1989
Sweden,France,1961,1864,1989
Belgium,Denmark,1852,1906,1989
Peru,Uruguay,1522,1873,1989
Belgium,Portugal,1852,1778,1989
Sweden,England,1961,1944,1989
Spain,Poland,1924,1792,1989
Switzerland,Portugal,1672,1778,1989
Uruguay,Peru,1873,1522,1989
Poland,England,1792,1944,1989
Switzerland,Belgium,1672,1852,1989
Poland,Sweden,1792,1961,1989
Spain,Switzerland,1924,1672,1989
Mexico,Argentina,1889,1873,1990
Nigeria,Senegal,1661,1576,1990
Colombia,Uruguay,1763,1845,1990
Iran,Poland,1621,1795,1990
Costa Rica,Uruguay,1665,1845,1990
Iran,Poland,1621,1795,1990
Egypt,Denmark,1654,1865,1990
Belgium,Sweden,1816,1826,1990
France,Germany,1928,2080,1990
Nigeria,Egypt,1661,1654,1990
Mexico,Uruguay,1889,1845,1990
England,Brazil,1990,1956,1990
Mexico,Colombia,1889,1763,1990
Germany,Uruguay,2080,1845,1990
Colombia,Poland,1763,1795,1990
Costa Rica,Poland,1665,1795,1990
Switzerland,Argentina,1717,1873,1990
England,Denmark,1990,1865,1990
England,Uruguay,1990,1845,1990
Egypt,Colombia,1654,1763,1990
Germany,Denmark,2080,1865,1990
Belgium,Mexico,1816,1889,1990
Tunisia,England,1503,1990,1990
Belgium,Poland,1816,1795,1990
Brazil,Sweden,1956,1826,1990
Uruguay,Spain,1845,1936,1990
Brazil,Costa Rica,1956,1665,1990
Belgium,Uruguay,1816,1845,1990
Germany,Colombia,2080,1763,1990
Sweden,Costa Rica,1826,1665,1990
Belgium,Spain,1816,1936,1990
England,Egypt,1990,1654,1990
Brazil,Argentina,1956,1873,1990
England,Belgium,1990,1816,1990
Germany,England,2080,1990,1990
Germany,Argentina,2080,1873,1990
Tunisia,Morocco,1503,1609,1990
France,Poland,1928,1795,1990
Morocco,Niger,1609,1338,1990
Portugal,Germany,1806,2080,1990
Iceland,France,1554,1928,1990
Sweden,Denmark,1826,1865,1990
Spain,Brazil,1936,1956,1990
Spain,Iceland,1936,1554,1990
Sweden,Germany,1826,2080,1990
England,Poland,1990,1795,1990
Mexico,Brazil,1889,1956,1990
Germany,Switzerland,2080,1717,1990
Spain,Portugal,1827,1795,1991
Niger,Morocco,1375,1603,1991
Mexico,Colombia,1830,1766,1991
Colombia,Switzerland,1766,1775,1991
France,Spain,2009,1827,1991
Argentina,Mexico,1982,1830,1991
Argentina,Brazil,1982,1956,1991
Tunisia,Egypt,1536,1688,1991
Costa Rica,Mexico,1591,1830,1991
Germany,Belgium,2087,1819,1991
Mexico,Uruguay,1830,1841,1991
England,Argentina,1988,1982,1991
Australia,England,1677,1988,1991
Sweden,Colombia,1830,1766,1991
Peru,Uruguay,1542,1841,1991
Sweden,Denmark,1830,1885,1991
Uruguay,Peru,1841,1542,1991
Costa Rica,Colombia,1591,1766,1991
Brazil,Argentina,1956,1982,1991
Mexico,Costa Rica,1830,1591,1991
Brazil,Uruguay,1956,1841,1991
Brazil,Colombia,1956,1766,1991
Argentina,Peru,1982,1542,1991
Colombia,Uruguay,1766,1841,1991
Argentina,Brazil,1982,1956,1991
Brazil,Colombia,1956,1766,1991
Argentina,Colombia,1982,1766,1991
Egypt,Tunisia,1688,1536,1991
Poland,France,1785,2009,1991
Poland,Sweden,1785,1830,1991
Iceland,Denmark,1592,1885,1991
Spain,Uruguay,1827,1841,1991
England,Germany,1988,2087,1991
Egypt,Nigeria,1688,1601,1991
Iceland,Spain,1592,1827,1991
Switzerland,Sweden,1775,1830,1991
Spain,France,1827,2009,1991
Poland,England,1785,1988,1991
Belgium,Germany,1819,2087,1991
France,Iceland,2009,1592,1991
Mexico,Uruguay,1830,1841,1991
Costa Rica,Mexico,1591,1830,1991
Egypt,Poland,1688,1785,1991
Egypt,Poland,1688,1785,1991
Senegal,Nigeria,1517,1684,1992
Portugal,Spain,1796,1832,1992
Australia,Sweden,1746,1903,1992
Australia,Sweden,1746,1903,1992
Australia,Sweden,1746,1903,1992
England,France,1946,1897,1992
Spain,Russia,1832,1884,1992
Tunisia,Nigeria,1544,1684,1992
Tunisia,Belgium,1544,1874,1992
Mexico,Russia,1787,1884,1992
Mexico,Russia,1787,1884,1992
France,Belgium,1897,1874,1992
Tunisia,Sweden,1544,1903,1992
Russia,England,1884,1946,1992
Uruguay,Brazil,1850,1995,1992
Sweden,Poland,1903,1812,1992
England,Brazil,1946,1995,1992
Switzerland,France,1817,1897,1992
Denmark,Russia,1912,1884,1992
Sweden,France,1903,1897,1992
Denmark,England,1912,1946,1992
Russia,Germany,1884,1992,1992
France,England,1897,1946,1992
Sweden,Denmark,1903,1912,1992
France,Denmark,1897,1912,1992
Sweden,England,1903,1946,1992
Argentina,Australia,2029,1746,1992
Sweden,Germany,1903,1992,1992
Uruguay,Australia,1850,1746,1992
Denmark,Germany,1912,1992,1992
Australia,Croatia,1746,1871,1992
Australia,Croatia,1746,1871,1992
Australia,Croatia,1746,1871,1992
Brazil,Mexico,1995,1787,1992
Mexico,Colombia,1787,1774,1992
Uruguay,Costa Rica,1850,1604,1992
Panama,Costa Rica,1309,1604,1992
Costa Rica,Panama,1604,1309,1992
France,Brazil,1897,1995,1992
Denmark,Germany,1912,1992,1992
Spain,England,1832,1946,1992
Brazil,Costa Rica,1995,1604,1992
Uruguay,Argentina,1850,2029,1992
Germany,Mexico,1992,1787,1992
Russia,Iceland,1884,1564,1992
Argentina,Saudi Arabia,2029,1621,1992
Croatia,Mexico,1871,1787,1992
Japan,Iran,1528,1621,1992
Japan,Saudi Arabia,1528,1621,1992
Morocco,Egypt,1594,1627,1992
Mexico,Costa Rica,1787,1604,1992
Brazil,Uruguay,1995,1850,1992
Argentina,Poland,2029,1812,1992
Costa Rica,Mexico,1604,1787,1992
Uruguay,Poland,1850,1812,1992
Brazil,Germany,1995,1992,1992
Tunisia,Morocco,1544,1594,1992
Uruguay,Germany,1850,1992,1992
Spain,Mexico,1913,1890,1993
Argentina,Brazil,1927,1949,1993
Argentina,Denmark,1927,1931,1993
Morocco,Tunisia,1670,1641,1993
Costa Rica,Panama,1613,1299,1993
Brazil,Poland,1949,1693,1993
Tunisia,Switzerland,1641,1847,1993
Colombia,Costa Rica,1932,1613,1993
Denmark,Spain,1931,1913,1993
Switzerland,Portugal,1847,1830,1993
Morocco,Senegal,1670,1447,1993
France,Sweden,1886,1883,1993
Poland,England,1693,1877,1993
Iceland,Russia,1577,1839,1993
Brazil,Germany,1949,2013,1993
Brazil,England,1949,1877,1993
Colombia,Mexico,1932,1890,1993
Brazil,Peru,1949,1552,1993
England,Germany,1877,2013,1993
Argentina,Mexico,1927,1890,1993
Argentina,Colombia,1927,1932,1993
Costa Rica,Panama,1613,1299,1993
Colombia,Uruguay,1932,1795,1993
Brazil,Argentina,1949,1927,1993
Peru,Mexico,1552,1890,1993
Costa Rica,Mexico,1613,1890,1993
Colombia,Argentina,1932,1927,1993
Argentina,Mexico,1927,1890,1993
Egypt,Morocco,1660,1670,1993
Peru,Uruguay,1552,1795,1993
Mexico,Costa Rica,1890,1613,1993
Senegal,Morocco,1447,1670,1993
Uruguay,Peru,1795,1552,1993
France,Russia,1886,1839,1993
Peru,Argentina,1552,1927,1993
Brazil,Mexico,1949,1890,1993
Peru,Colombia,1552,1932,1993
Sweden,Switzerland,1883,1847,1993
Colombia,Argentina,1932,1927,1993
Uruguay,Brazil,1795,1949,1993
Argentina,Peru,1927,1552,1993
Sweden,France,1883,1886,1993
Colombia,Peru,1932,1552,1993
Argentina,Colombia,1927,1932,1993
England,Poland,1877,1693,1993
Brazil,Uruguay,1949,1795,1993
Tunisia,Germany,1641,2013,1993
Saudi Arabia,Costa Rica,1683,1613,1993
Saudi Arabia,Costa Rica,1683,1613,1993
Mexico,Poland,1890,1693,1993
Saudi Arabia,Russia,1683,1839,1993
Germany,Uruguay,2013,1795,1993
Portugal,Switzerland,1830,1847,1993
Saudi Arabia,Japan,1683,1647,1993
Tunisia,Iceland,1641,1577,1993
Japan,Iran,1647,1567,1993
Saudi Arabia,Iran,1683,1567,1993
Australia,Argentina,1721,1927,1993
Tunisia,Egypt,1641,1660,1993
Argentina,Australia,1927,1721,1993
Germany,Brazil,2013,1949,1993
Spain,Denmark,1913,1931,1993
Argentina,Germany,1927,2013,1993
Mexico,Brazil,1890,1949,1993
Mexico,Germany,1890,2013,1993
Spain,Portugal,1996,1866,1994
Mexico,Switzerland,1871,1871,1994
Egypt,Morocco,1625,1607,1994
Mexico,Russia,1871,1844,1994
Saudi Arabia,Colombia,1641,1896,1994
Spain,Poland,1996,1718,1994
Colombia,Sweden,1896,1948,1994
Mexico,Sweden,1871,1948,1994
Mexico,Colombia,1871,1896,1994
England,Denmark,1894,1904,1994
Tunisia,Niger,1581,1366,1994
Brazil,Argentina,2069,1883,1994
Spain,Croatia,1996,1909,1994
Nigeria,Egypt,1784,1625,1994
Poland,Saudi Arabia,1718,1641,1994
Colombia,Nigeria,1896,1784,1994
Tunisia,Saudi Arabia,1581,1641,1994
Argentina,Morocco,1883,1607,1994
Iceland,Saudi Arabia,1567,1641,1994
Colombia,Peru,1896,1549,1994
Brazil,Iceland,2069,1567,1994
Sweden,Nigeria,1948,1784,1994
Japan,Australia,1603,1720,1994
Australia,France,1720,1908,1994
Denmark,Sweden,1904,1948,1994
Japan,France,1603,1908,1994
Croatia,Argentina,1909,1883,1994
Belgium,Morocco,1766,1607,1994
Brazil,Russia,2069,1844,1994
Germany,Spain,1998,1996,1994
Sweden,Russia,1948,1844,1994
Argentina,Nigeria,1883,1784,1994
Saudi Arabia,Morocco,1641,1607,1994
Switzerland,Colombia,1871,1896,1994
Brazil,Sweden,2069,1948,1994
Belgium,Saudi Arabia,1766,1641,1994
Germany,Belgium,1998,1766,1994
Spain,Switzerland,1996,1871,1994
Saudi Arabia,Sweden,1641,1948,1994
Sweden,Brazil,1948,2069,1994
Iceland,Sweden,1567,1948,1994
Russia,Germany,1844,1998,1994
Japan,Australia,1603,1720,1994
Senegal,Niger,1424,1366,1994
Denmark,Belgium,1904,1766,1994
Switzerland,Sweden,1871,1948,1994
Peru,Uruguay,1549,1804,1994
England,Nigeria,1894,1784,1994
Poland,France,1718,1908,1994
Spain,Denmark,1996,1904,1994
Switzerland,Iceland,1871,1567,1994
Saudi Arabia,Poland,1641,1718,1994
Saudi Arabia,Poland,1641,1718,1994
Belgium,Spain,1766,1996,1994
Saudi Arabia,Costa Rica,1641,1638,1994
Tunisia,Egypt,1573,1635,1995
Japan,Nigeria,1628,1822,1995
Saudi Arabia,Mexico,1593,1782,1995
Senegal,Tunisia,1463,1573,1995
Japan,Argentina,1628,1843,1995
Saudi Arabia,Denmark,1593,1971,1995
Denmark,Mexico,1971,1782,1995
Nigeria,Argentina,1822,1843,1995
Denmark,Argentina,1971,1843,1995
Mexico,Nigeria,1782,1822,1995
Spain,Uruguay,1987,1838,1995
Mexico,Uruguay,1782,1838,1995
Australia,Colombia,1712,1845,1995
Australia,Japan,1712,1628,1995
Spain,Germany,1987,2031,1995
Morocco,Senegal,1586,1463,1995
Colombia,Uruguay,1845,1838,1995
England,Uruguay,1870,1838,1995
Spain,Belgium,1987,1777,1995
Uruguay,Peru,1838,1579,1995
Egypt,Tunisia,1635,1573,1995
Morocco,Egypt,1586,1635,1995
Argentina,Peru,1843,1579,1995
Sweden,Iceland,1845,1574,1995
England,Japan,1870,1628,1995
Brazil,Sweden,2117,1845,1995
Brazil,Japan,2117,1628,1995
England,Sweden,1870,1845,1995
Sweden,Japan,1845,1628,1995
England,Brazil,1870,2117,1995
Colombia,Nigeria,1845,1822,1995
Mexico,Colombia,1782,1845,1995
Switzerland,Germany,1829,2031,1995
Mexico,Nigeria,1782,1822,1995
Argentina,Australia,1843,1712,1995
Colombia,Peru,1845,1579,1995
Brazil,Peru,2117,1579,1995
Brazil,Colombia,2117,1845,1995
Uruguay,Mexico,1838,1782,1995
Tunisia,Senegal,1573,1463,1995
Brazil,Argentina,2117,1843,1995
Uruguay,Colombia,1838,1845,1995
Uruguay,Brazil,1838,2117,1995
Japan,Costa Rica,1628,1557,1995
Japan,Brazil,1628,2117,1995
France,Poland,1956,1716,1995
Iceland,Switzerland,1574,1829,1995
Belgium,Germany,1777,2031,1995
Belgium,Denmark,1777,1971,1995
England,Colombia,1870,1845,1995
Sweden,Switzerland,1845,1829,1995
Spain,Argentina,1987,1843,1995
Argentina,Colombia,1843,1845,1995
Brazil,Uruguay,2117,1838,1995
Denmark,Spain,1971,1987,1995
Mexico,Saudi Arabia,1782,1593,1995
Japan,Saudi Arabia,1628,1593,1995
Japan,Saudi Arabia,1628,1593,1995
Argentina,Brazil,1843,2117,1995
England,Switzerland,1870,1829,1995
Mexico,Colombia,1782,1845,1995
England,Portugal,1870,1867,1995
Brazil,Colombia,2117,1845,1995
Morocco,Tunisia,1671,1636,1996
Egypt,Tunisia,1621,1636,1996
Mexico,Brazil,1795,2074,1996
Iceland,Russia,1521,1887,1996
Australia,Japan,1755,1746,1996
Australia,Japan,1755,1746,1996
Japan,Poland,1746,1657,1996
Portugal,Germany,1887,2081,1996
Japan,Sweden,1746,1818,1996
Australia,Sweden,1755,1818,1996
Australia,Sweden,1755,1818,1996
Croatia,Poland,1885,1657,1996
Egypt,Morocco,1621,1671,1996
Belgium,France,1757,2014,1996
Germany,Denmark,2081,1969,1996
Belgium,Russia,1757,1887,1996
England,Croatia,1957,1885,1996
Tunisia,Senegal,1636,1454,1996
Japan,Mexico,1746,1795,1996
Germany,France,2081,2014,1996
Peru,Colombia,1599,1881,1996
Russia,Poland,1887,1657,1996
England,Switzerland,1957,1720,1996
Denmark,Portugal,1969,1887,1996
France,Spain,2014,2026,1996
Croatia,Denmark,1885,1969,1996
Russia,Germany,1887,2081,1996
Croatia,Portugal,1885,1887,1996
Spain,England,2026,1957,1996
Germany,Croatia,2081,1885,1996
Germany,England,2081,1957,1996
Colombia,Uruguay,1881,1768,1996
Peru,Argentina,1599,1794,1996
Peru,Costa Rica,1599,1579,1996
Sweden,Denmark,1818,1969,1996
Japan,Uruguay,1746,1768,1996
Russia,Brazil,1887,2074,1996
France,Mexico,2014,1795,1996
Poland,Germany,1657,2081,1996
England,Poland,1957,1657,1996
Saudi Arabia,Australia,1636,1755,1996
Japan,Tunisia,1746,1636,1996
Costa Rica,Panama,1579,1370,1996
Denmark,France,1969,2014,1996
Morocco,Croatia,1671,1885,1996
Saudi Arabia,Iran,1636,1678,1996
Morocco,Nigeria,1671,1761,1996
Portugal,Germany,1887,2081,1996
Uruguay,Peru,1768,1599,1996
Iran,Saudi Arabia,1678,1636,1996
Tunisia,Egypt,1671,1601,1997
Uruguay,Argentina,1755,1829,1997
Mexico,Peru,1789,1724,1997
Portugal,France,1885,2012,1997
Russia,Switzerland,1873,1673,1997
Colombia,Argentina,1768,1829,1997
Japan,Sweden,1758,1824,1997
Brazil,Poland,2182,1672,1997
Costa Rica,Mexico,1618,1789,1997
Croatia,Denmark,1864,1929,1997
England,Mexico,2002,1789,1997
France,Sweden,2012,1824,1997
Brazil,Mexico,2182,1789,1997
Colombia,Peru,1768,1724,1997
Sweden,Poland,1824,1672,1997
Poland,England,1672,2002,1997
France,Brazil,2012,2182,1997
France,England,2012,2002,1997
Argentina,Peru,1829,1724,1997
Egypt,Tunisia,1601,1671,1997
Japan,Croatia,1758,1864,1997
Uruguay,Colombia,1755,1768,1997
England,Brazil,2002,2182,1997
Peru,Uruguay,1724,1755,1997
Brazil,Costa Rica,2182,1618,1997
Mexico,Colombia,1789,1768,1997
Brazil,Mexico,2182,1789,1997
Colombia,Costa Rica,1768,1618,1997
Brazil,Colombia,2182,1768,1997
Mexico,Costa Rica,1789,1618,1997
Morocco,Egypt,1743,1601,1997
Peru,Argentina,1724,1829,1997
Brazil,Peru,2182,1724,1997
Mexico,Peru,1789,1724,1997
Egypt,Senegal,1601,1433,1997
Morocco,Senegal,1743,1433,1997
Tunisia,Nigeria,1671,1702,1997
Japan,Brazil,1758,2182,1997
Peru,Colombia,1724,1768,1997
Germany,Portugal,2070,1885,1997
Denmark,Croatia,1929,1864,1997
Peru,Uruguay,1724,1755,1997
Iran,Saudi Arabia,1687,1641,1997
Brazil,Morocco,2182,1743,1997
Argentina,Uruguay,1829,1755,1997
Saudi Arabia,Iran,1641,1687,1997
Mexico,Costa Rica,1789,1618,1997
Argentina,Colombia,1829,1768,1997
Japan,Iran,1758,1687,1997
Iran,Australia,1687,1849,1997
Australia,Iran,1849,1687,1997
Saudi Arabia,Iceland,1641,1488,1997
Mexico,Australia,1789,1849,1997
Saudi Arabia,Brazil,1641,2182,1997
Australia,Brazil,1849,2182,1997
Saudi Arabia,Mexico,1641,1789,1997
Brazil,Mexico,2182,1789,1997
Saudi Arabia,Australia,1641,1849,1997
Uruguay,Australia,1755,1849,1997
Brazil,Australia,2182,1849,1997
France,Spain,2076,1979,1998
Iran,Nigeria,1748,1698,1998
Morocco,Niger,1807,1334,1998
Australia,Japan,1764,1696,1998
Egypt,Morocco,1679,1807,1998
Saudi Arabia,Germany,1710,1977,1998
Germany,Brazil,1977,2052,1998
Russia,France,1779,2076,1998
Spain,Sweden,1979,1885,1998
Switzerland,England,1668,1945,1998
Mexico,Peru,1864,1714,1998
Croatia,Poland,1963,1765,1998
England,Portugal,1945,1905,1998
Germany,Nigeria,1977,1698,1998
Sweden,France,1885,2076,1998
Brazil,Argentina,2052,1930,1998
Iceland,Saudi Arabia,1535,1710,1998
England,Saudi Arabia,1945,1710,1998
Belgium,France,1816,2076,1998
Morocco,England,1807,1945,1998
Poland,Russia,1765,1779,1998
Sweden,Denmark,1885,1820,1998
Belgium,England,1816,1945,1998
Morocco,France,1807,2076,1998
Germany,Colombia,1977,1739,1998
Japan,Mexico,1696,1864,1998
Belgium,Colombia,1816,1739,1998
Croatia,Iran,1963,1748,1998
Saudi Arabia,Mexico,1710,1864,1998
Croatia,Australia,1963,1764,1998
Saudi Arabia,Denmark,1710,1820,1998
Spain,Nigeria,1979,1698,1998
Argentina,Japan,1930,1696,1998
England,Tunisia,1945,1632,1998
Brazil,Morocco,2052,1807,1998
France,Saudi Arabia,2076,1710,1998
Belgium,Mexico,1816,1864,1998
Japan,Croatia,1696,1963,1998
Colombia,Tunisia,1739,1632,1998
France,Denmark,2076,1820,1998
Germany,Iran,1977,1748,1998
Argentina,Croatia,1930,1963,1998
Colombia,England,1739,1945,1998
Nigeria,Denmark,1698,1820,1998
Germany,Mexico,1977,1864,1998
Argentina,England,1930,1945,1998
Brazil,Denmark,2052,1820,1998
Germany,Croatia,1977,1963,1998
France,Croatia,2076,1963,1998
Brazil,France,2052,2076,1998
Sweden,Russia,1885,1779,1998
Morocco,Senegal,1807,1431,1998
Iceland,France,1535,2076,1998
Sweden,England,1885,1945,1998
Saudi Arabia,Senegal,1710,1431,1998
Spain,Russia,1979,1779,1998
Russia,France,1779,2076,1998
Iceland,Russia,1535,1779,1998
Switzerland,Denmark,1668,1820,1998
Japan,Egypt,1696,1679,1998
Brazil,Russia,2052,1779,1998
France,Morocco,2039,1784,1999
Colombia,Germany,1792,1887,1999
Croatia,Denmark,1914,1908,1999
England,France,1907,2039,1999
Mexico,Argentina,1904,1934,1999
Tunisia,Sweden,1652,1893,1999
Egypt,Mexico,1647,1904,1999
Senegal,Nigeria,1529,1695,1999
England,Poland,1907,1742,1999
Belgium,Egypt,1795,1647,1999
Japan,Brazil,1642,2094,1999
Poland,Sweden,1742,1893,1999
Spain,Croatia,2007,1914,1999
Belgium,Peru,1795,1740,1999
Japan,Belgium,1642,1795,1999
England,Sweden,1907,1893,1999
France,Russia,2039,1820,1999
Japan,Peru,1642,1740,1999
Mexico,Argentina,1904,1934,1999
Russia,Iceland,1820,1555,1999
Croatia,Egypt,1914,1647,1999
Brazil,Poland,2094,1742,1999
Croatia,Mexico,1914,1904,1999
Colombia,Peru,1792,1740,1999
Egypt,Mexico,1647,1904,1999
Peru,Japan,1740,1642,1999
Uruguay,Colombia,1732,1792,1999
Brazil,Mexico,2094,1904,1999
Argentina,Colombia,1934,1792,1999
Uruguay,Argentina,1732,1934,1999
Mexico,Peru,1904,1740,1999
Brazil,Argentina,2094,1934,1999
Mexico,Brazil,1904,2094,1999
Costa Rica,Saudi Arabia,1630,1662,1999
Brazil,Uruguay,2094,1732,1999
Brazil,Germany,2094,1887,1999
Mexico,Saudi Arabia,1904,1662,1999
Mexico,Egypt,1904,1647,1999
Egypt,Saudi Arabia,1647,1662,1999
Brazil,Saudi Arabia,2094,1662,1999
Mexico,Brazil,1904,2094,1999
Poland,Spain,1742,2007,1999
Uruguay,Costa Rica,1732,1630,1999
Argentina,Brazil,1934,2094,1999
Denmark,Switzerland,1908,1733,1999
Belgium,Morocco,1795,1784,1999
Brazil,Argentina,2094,1934,1999
Japan,Iran,1642,1766,1999
Poland,England,1742,1907,1999
France,Iceland,2039,1555,1999
Sweden,Poland,1893,1742,1999
Denmark,Iran,1908,1766,1999
England,Belgium,1907,1795,1999
Argentina,Colombia,1934,1792,1999
Mexico,Colombia,1904,1792,1999
France,Croatia,2039,1914,1999
Spain,Brazil,2007,2094,1999
Spain,Argentina,2007,1934,1999
Morocco,Senegal,1784,1529,1999
Mexico,Iran,1826,1741,2000
Nigeria,Tunisia,1705,1645,2000
Spain,Poland,1961,1759,2000
Egypt,Senegal,1692,1460,2000
Tunisia,Morocco,1645,1679,2000
Nigeria,Morocco,1705,1679,2000
Japan,Mexico,1811,1826,2000
Egypt,Tunisia,1692,1645,2000
Nigeria,Senegal,1705,1460,2000
Belgium,Portugal,1786,2020,2000
Colombia,Peru,1762,1667,2000
Croatia,Spain,1887,1961,2000
England,Argentina,1851,2001,2000
France,Poland,2112,1759,2000
Colombia,Brazil,1762,2022,2000
Croatia,Germany,1887,1884,2000
Portugal,Denmark,2020,1814,2000
Denmark,Sweden,1814,1820,2000
Germany,Switzerland,1884,1710,2000
England,Brazil,1851,2022,2000
Croatia,France,1887,2112,2000
Denmark,Belgium,1814,1786,2000
Sweden,Spain,1820,1961,2000
France,Japan,2112,1811,2000
Peru,Brazil,1667,2022,2000
Morocco,France,1679,2112,2000
Iran,Egypt,1741,1692,2000
Belgium,Sweden,1786,1820,2000
France,Denmark,2112,1814,2000
Tunisia,Senegal,1645,1460,2000
Portugal,England,2020,1851,2000
England,Germany,1851,1884,2000
Portugal,Germany,2020,1884,2000
Spain,France,1961,2112,2000
Brazil,Uruguay,2022,1752,2000
France,Portugal,2112,2020,2000
Colombia,Argentina,1762,2001,2000
Costa Rica,Panama,1608,1392,2000
Senegal,Egypt,1460,1692,2000
Panama,Mexico,1392,1826,2000
Peru,Colombia,1667,1762,2000
Brazil,Argentina,2022,2001,2000
Uruguay,Peru,1752,1667,2000
Colombia,Uruguay,1762,1752,2000
Germany,Spain,1884,1961,2000
Iceland,Sweden,1596,1820,2000
Belgium,Croatia,1786,1887,2000
France,England,2112,1851,2000
Iceland,Denmark,1596,1814,2000
Switzerland,Russia,1710,1834,2000
Mexico,Panama,1826,1392,2000
Peru,Argentina,1667,2001,2000
England,Germany,1851,1884,2000
Argentina,Uruguay,2001,1752,2000
Saudi Arabia,Japan,1695,1811,2000
Japan,Saudi Arabia,1811,1695,2000
Brazil,Colombia,2022,1762,2000
Denmark,Germany,1814,1884,2000
Poland,Iceland,1759,1596,2000
Tunisia,Switzerland,1645,1710,2000
Mexico,Argentina,1826,2001,2000
Tunisia,Morocco,1689,1652,2001
Egypt,Morocco,1648,1652,2001
Mexico,Colombia,1809,1876,2001
Morocco,Senegal,1652,1587,2001
France,Germany,2114,1869,2001
Colombia,Australia,1876,1829,2001
England,Spain,1932,1966,2001
Switzerland,Poland,1658,1748,2001
Mexico,Brazil,1809,1832,2001
France,Japan,2114,1867,2001
Morocco,Tunisia,1652,1689,2001
Spain,France,1966,2114,2001
Brazil,Peru,1832,1622,2001
France,Portugal,2114,2011,2001
Spain,Japan,1966,1867,2001
Switzerland,Sweden,1658,1889,2001
Egypt,Senegal,1648,1587,2001
England,Mexico,1932,1809,2001
Mexico,Australia,1809,1829,2001
Panama,Costa Rica,1400,1776,2001
Australia,France,1829,2114,2001
Argentina,Colombia,2019,1876,2001
France,Mexico,2114,1809,2001
Brazil,Japan,1832,1867,2001
France,Brazil,2114,1832,2001
Japan,Australia,1867,1829,2001
Australia,Brazil,1829,1832,2001
Japan,France,1867,2114,2001
Mexico,Costa Rica,1809,1776,2001
Morocco,Egypt,1652,1648,2001
Uruguay,Brazil,1787,1832,2001
Brazil,Mexico,1832,1809,2001
Senegal,Morocco,1587,1652,2001
Brazil,Peru,1832,1622,2001
Uruguay,Costa Rica,1787,1776,2001
Peru,Mexico,1622,1809,2001
Uruguay,Costa Rica,1787,1776,2001
Colombia,Peru,1876,1622,2001
Mexico,Uruguay,1809,1787,2001
Colombia,Mexico,1876,1809,2001
Brazil,Panama,1832,1400,2001
France,Denmark,2114,1876,2001
Iceland,Poland,1605,1748,2001
Japan,Australia,1867,1829,2001
Colombia,Peru,1876,1622,2001
Iran,Saudi Arabia,1752,1699,2001
Germany,England,1869,1932,2001
Peru,Uruguay,1622,1787,2001
Argentina,Brazil,2019,1832,2001
Saudi Arabia,Iran,1699,1752,2001
Japan,Senegal,1867,1587,2001
Croatia,Belgium,1884,1834,2001
Denmark,Iceland,1876,1605,2001
Russia,Switzerland,1838,1658,2001
Costa Rica,Mexico,1776,1809,2001
Japan,Nigeria,1867,1721,2001
Uruguay,Colombia,1787,1876,2001
Argentina,Peru,2019,1622,2001
England,Sweden,1932,1889,2001
Australia,France,1829,2114,2001
Spain,Mexico,1966,1809,2001
Uruguay,Argentina,1787,2019,2001
Australia,Uruguay,1829,1787,2001
Uruguay,Australia,1787,1829,2001
Saudi Arabia,Iceland,1671,1544,2002
Egypt,Senegal,1607,1780,2002
Egypt,Tunisia,1607,1619,2002
Senegal,Tunisia,1780,1619,2002
Saudi Arabia,Brazil,1671,2057,2002
Nigeria,Senegal,1742,1780,2002
Saudi Arabia,Denmark,1671,1912,2002
Spain,Portugal,1998,1931,2002
Brazil,Iceland,2057,1544,2002
Poland,Japan,1709,1809,2002
Saudi Arabia,Uruguay,1671,1790,2002
Sweden,Switzerland,1822,1708,2002
France,Russia,1977,1808,2002
Germany,Argentina,1938,1992,2002
Japan,Costa Rica,1809,1754,2002
Portugal,Brazil,1931,2057,2002
Costa Rica,Colombia,1754,1861,2002
Mexico,Colombia,1833,1861,2002
Saudi Arabia,Senegal,1671,1780,2002
France,Belgium,1977,1785,2002
Japan,Sweden,1809,1822,2002
Belgium,Costa Rica,1785,1754,2002
Denmark,Tunisia,1912,1619,2002
France,Senegal,1977,1780,2002
Germany,Saudi Arabia,1938,1671,2002
Uruguay,Denmark,1790,1912,2002
Argentina,Nigeria,1992,1742,2002
England,Sweden,1954,1822,2002
Croatia,Mexico,1802,1833,2002
Japan,Belgium,1809,1785,2002
Russia,Tunisia,1808,1619,2002
Denmark,Senegal,1912,1780,2002
France,Uruguay,1977,1790,2002
Argentina,England,1992,1954,2002
Sweden,Nigeria,1822,1742,2002
Japan,Russia,1809,1808,2002
Portugal,Poland,1931,1709,2002
Tunisia,Belgium,1619,1785,2002
Denmark,France,1912,1977,2002
Senegal,Uruguay,1780,1790,2002
Nigeria,England,1742,1954,2002
Sweden,Argentina,1822,1992,2002
Costa Rica,Brazil,1754,2057,2002
Belgium,Russia,1785,1808,2002
Tunisia,Japan,1619,1809,2002
Denmark,England,1912,1954,2002
Sweden,Senegal,1822,1780,2002
Brazil,Belgium,2057,1785,2002
England,Brazil,1954,2057,2002
Germany,Brazil,1938,2057,2002
Poland,Belgium,1709,1785,2002
Russia,Sweden,1808,1822,2002
Tunisia,France,1619,1977,2002
England,Portugal,1954,1931,2002
Iran,Morocco,1709,1560,2002
Morocco,Niger,1560,1327,2002
Portugal,Tunisia,1931,1619,2002
Senegal,Nigeria,1780,1742,2002
Sweden,Portugal,1822,1931,2002
Denmark,Poland,1912,1709,2002
Japan,Argentina,1809,1992,2002
Tunisia,Egypt,1619,1607,2002
Nigeria,Egypt,1742,1607,2002
Mexico,Argentina,1849,2015,2003
Uruguay,Iran,1862,1714,2003
Croatia,Poland,1826,1742,2003
Egypt,Denmark,1703,1896,2003
England,Australia,1956,1829,2003
Mexico,Colombia,1849,1704,2003
Morocco,Senegal,1575,1753,2003
Spain,Germany,2007,1882,2003
Tunisia,Sweden,1649,1803,2003
Costa Rica,Panama,1735,1399,2003
Japan,Uruguay,1779,1862,2003
Croatia,Belgium,1826,1804,2003
Portugal,Brazil,1919,1990,2003
Belgium,Poland,1804,1742,2003
France,Egypt,2053,1703,2003
Mexico,Brazil,1849,1990,2003
Sweden,Croatia,1803,1826,2003
Tunisia,Senegal,1649,1753,2003
Switzerland,Russia,1726,1781,2003
Japan,Argentina,1779,2015,2003
Nigeria,Brazil,1738,1990,2003
Sweden,Poland,1803,1742,2003
France,Colombia,2053,1704,2003
France,Japan,2053,1779,2003
Japan,Colombia,1779,1704,2003
Mexico,Brazil,1849,1990,2003
Argentina,Uruguay,2015,1862,2003
Colombia,Brazil,1704,1990,2003
Mexico,Costa Rica,1849,1735,2003
Peru,Uruguay,1690,1862,2003
Brazil,Mexico,1990,1849,2003
Uruguay,Peru,1862,1690,2003
Argentina,Uruguay,2015,1862,2003
England,Croatia,1956,1826,2003
Japan,Nigeria,1779,1738,2003
Mexico,Peru,1849,1690,2003
Switzerland,France,1726,2053,2003
Iceland,Germany,1589,1882,2003
Portugal,Spain,1919,2007,2003
Colombia,Brazil,1704,1990,2003
Belgium,Croatia,1804,1826,2003
Japan,Senegal,1779,1753,2003
Poland,Sweden,1742,1803,2003
Russia,Switzerland,1781,1726,2003
Tunisia,Japan,1649,1779,2003
Egypt,Senegal,1703,1753,2003
Germany,Iceland,1882,1589,2003
Tunisia,Morocco,1649,1575,2003
Mexico,Uruguay,1849,1862,2003
Germany,France,1882,2053,2003
England,Denmark,1956,1896,2003
Peru,Brazil,1690,1990,2003
Egypt,Sweden,1703,1803,2003
Brazil,Uruguay,1990,1862,2003
Colombia,Argentina,1704,2015,2003
Mexico,Iceland,1849,1589,2003
Nigeria,Morocco,1756,1675,2004
Tunisia,Senegal,1624,1692,2004
Tunisia,Nigeria,1624,1756,2004
Tunisia,Morocco,1624,1675,2004
Belgium,France,1726,1988,2004
Croatia,Germany,1838,1882,2004
Morocco,Switzerland,1675,1691,2004
Portugal,England,1903,1978,2004
Spain,Peru,1966,1681,2004
Germany,Belgium,1882,1726,2004
Mexico,Costa Rica,1887,1691,2004
Peru,Colombia,1681,1799,2004
Spain,Denmark,1966,1864,2004
Sweden,England,1873,1978,2004
Morocco,Argentina,1675,2027,2004
Portugal,Sweden,1903,1873,2004
France,Brazil,1988,1972,2004
Iceland,Japan,1526,1847,2004
England,Japan,1978,1847,2004
Uruguay,Peru,1820,1681,2004
Brazil,Argentina,1972,2027,2004
Switzerland,Germany,1691,1882,2004
Denmark,Croatia,1864,1838,2004
England,Iceland,1978,1526,2004
Sweden,Poland,1873,1801,2004
Colombia,Uruguay,1799,1820,2004
Spain,Russia,1966,1757,2004
France,England,1988,1978,2004
Switzerland,Croatia,1691,1838,2004
Russia,Portugal,1757,1903,2004
Croatia,France,1838,1988,2004
England,Switzerland,1978,1691,2004
Spain,Portugal,1966,1903,2004
Croatia,England,1838,1978,2004
Switzerland,France,1691,1988,2004
Denmark,Sweden,1864,1873,2004
Portugal,England,1903,1978,2004
Argentina,Colombia,2027,1799,2004
Argentina,Peru,2027,1681,2004
Mexico,Uruguay,1887,1820,2004
Argentina,Mexico,2027,1887,2004
Brazil,Costa Rica,1972,1691,2004
Peru,Colombia,1681,1799,2004
Argentina,Uruguay,2027,1820,2004
Colombia,Costa Rica,1799,1691,2004
Peru,Argentina,1681,2027,2004
Mexico,Brazil,1887,1972,2004
Argentina,Colombia,2027,1799,2004
Uruguay,Brazil,1820,1972,2004
Colombia,Uruguay,1799,1820,2004
Argentina,Brazil,2027,1972,2004
Japan,Iran,1847,1798,2004
Japan,Argentina,1847,2027,2004
Poland,Denmark,1801,1864,2004
Morocco,Tunisia,1675,1624,2004
Peru,Argentina,1681,2027,2004
Germany,Brazil,1882,1972,2004
Poland,England,1801,1978,2004
Sweden,Croatia,1873,1838,2004
Argentina,Uruguay,2027,1820,2004
Iran,Germany,1798,1882,2004
Spain,Belgium,1966,1726,2004
Brazil,Colombia,1972,1799,2004
Iceland,Sweden,1526,1873,2004
Portugal,Russia,1903,1757,2004
France,Poland,1988,1801,2004
Spain,England,1966,1978,2004
Japan,Germany,1847,1882,2004
Iran,Panama,1798,1517,2004
Mexico,Sweden,1836,1904,2005
Costa Rica,Mexico,1734,1836,2005
Egypt,Belgium,1716,1700,2005
France,Sweden,1976,1904,2005
Germany,Argentina,1892,1931,2005
Mexico,Colombia,1836,1762,2005
Panama,Costa Rica,1477,1734,2005
Mexico,Argentina,1836,1931,2005
Saudi Arabia,Egypt,1608,1716,2005
Iran,Japan,1797,1812,2005
Costa Rica,Panama,1734,1477,2005
Croatia,Iceland,1863,1508,2005
France,Switzerland,1976,1779,2005
Brazil,Peru,2027,1662,2005
Argentina,Colombia,1931,1762,2005
Panama,Mexico,1477,1836,2005
Uruguay,Brazil,1821,2027,2005
Mexico,Poland,1836,1847,2005
Japan,Peru,1812,1662,2005
Colombia,England,1762,1964,2005
Colombia,Peru,1762,1662,2005
Peru,Uruguay,1662,1821,2005
Argentina,Brazil,1931,2027,2005
Germany,Russia,1892,1751,2005
Argentina,Tunisia,1931,1716,2005
Germany,Australia,1892,1769,2005
Japan,Mexico,1812,1836,2005
Australia,Argentina,1769,1931,2005
Tunisia,Germany,1716,1892,2005
Mexico,Brazil,1836,2027,2005
Argentina,Germany,1931,1892,2005
Australia,Tunisia,1769,1716,2005
Japan,Brazil,1812,2027,2005
Germany,Brazil,1892,2027,2005
Mexico,Argentina,1836,1931,2005
Brazil,Argentina,2027,1931,2005
Germany,Mexico,1892,1836,2005
Colombia,Panama,1762,1477,2005
Mexico,Colombia,1836,1762,2005
Colombia,Panama,1762,1477,2005
Croatia,Brazil,1863,2027,2005
Denmark,England,1890,1964,2005
Japan,Iran,1812,1797,2005
Mexico,Costa Rica,1836,1734,2005
Portugal,Egypt,1909,1716,2005
Spain,Uruguay,1958,1821,2005
Iceland,Croatia,1508,1863,2005
Panama,Costa Rica,1477,1734,2005
Uruguay,Colombia,1821,1762,2005
Mexico,Panama,1836,1477,2005
Russia,Portugal,1751,1909,2005
Poland,Iceland,1847,1508,2005
Belgium,Spain,1700,1958,2005
Croatia,Sweden,1863,1904,2005
Switzerland,France,1779,1976,2005
Tunisia,Morocco,1716,1671,2005
Argentina,Peru,1931,1662,2005
England,Poland,1964,1847,2005
Sweden,Iceland,1904,1508,2005
Uruguay,Argentina,1821,1931,2005
Mexico,Uruguay,1836,1821,2005
France,Costa Rica,1976,1734,2005
England,Argentina,1964,1931,2005
France,Germany,1976,1892,2005
Portugal,Croatia,1909,1863,2005
Uruguay,Australia,1821,1769,2005
Australia,Uruguay,1769,1821,2005
Egypt,Tunisia,1716,1716,2005
Egypt,Senegal,1716,1705,2005
Saudi Arabia,Sweden,1603,1871,2006
Egypt,Morocco,1725,1654,2006
Nigeria,Senegal,1786,1654,2006
Nigeria,Tunisia,1786,1644,2006
Egypt,Senegal,1725,1654,2006
Senegal,Nigeria,1654,1786,2006
Argentina,Croatia,1980,1897,2006
England,Uruguay,1961,1822,2006
Iran,Costa Rica,1768,1634,2006
Russia,Brazil,1773,2080,2006
Saudi Arabia,Portugal,1603,1895,2006
Tunisia,Serbia,1644,1761,2006
Saudi Arabia,Poland,1603,1780,2006
Belgium,Saudi Arabia,1675,1603,2006
France,Mexico,2061,1818,2006
Serbia,Uruguay,1761,1822,2006
Spain,Russia,1885,1773,2006
Croatia,Iran,1897,1768,2006
Germany,Japan,1976,1730,2006
Poland,Colombia,1780,1788,2006
France,Denmark,2061,1904,2006
Germany,Colombia,1976,1788,2006
Tunisia,Uruguay,1644,1822,2006
Croatia,Poland,1897,1780,2006
Spain,Egypt,1885,1725,2006
Colombia,Morocco,1788,1654,2006
Spain,Croatia,1885,1897,2006
Germany,Costa Rica,1976,1634,2006
Mexico,Iran,1818,1768,2006
Australia,Japan,1764,1730,2006
Brazil,Croatia,2080,1897,2006
France,Switzerland,2061,1846,2006
Germany,Poland,1976,1780,2006
Tunisia,Saudi Arabia,1644,1603,2006
Argentina,Serbia,1980,1761,2006
Portugal,Iran,1895,1768,2006
Brazil,Australia,2080,1764,2006
Japan,Croatia,1730,1897,2006
Spain,Tunisia,1885,1644,2006
Costa Rica,Poland,1634,1780,2006
Sweden,England,1871,1961,2006
Portugal,Mexico,1895,1818,2006
Croatia,Australia,1897,1764,2006
Japan,Brazil,1730,2080,2006
Saudi Arabia,Spain,1603,1885,2006
Argentina,Mexico,1980,1818,2006
Germany,Sweden,1976,1871,2006
Spain,France,1885,2061,2006
Germany,Argentina,1976,1980,2006
Brazil,France,2080,2061,2006
England,Portugal,1961,1895,2006
Portugal,France,1895,2061,2006
Germany,Portugal,1976,1895,2006
Iceland,Spain,1497,1885,2006
Denmark,Poland,1904,1780,2006
Egypt,Uruguay,1725,1822,2006
Germany,Sweden,1976,1871,2006
Peru,Panama,1630,1504,2006
Denmark,Portugal,1904,1895,2006
Nigeria,Niger,1786,1310,2006
